Station Code,Location,State,Temp Min,Temp Max,Dissoved Oxygen Min,Dissoved Oxygen Max,pH Min,pH Max,Conductivity Min,Conductivity Max,BOD Min,BOD Max,Nitrate Min,Nitrate Max,Fecal Coliform Min,Fecal Coliform Max,Total Coliform Min,Total Coliform Max
2724,"SUSWA  AT MOTHRAWALA, DEHRADUN",UTTARAKHAND,16.0,21.0,1.4,3.6,7.7,8.0,,,28.0,36.0,0.0,0.0,,,1600.0,1600.0
2728,GOLA  AT HALDWANI,UTTARAKHAND,11.0,20.0,7.0,7.8,7.2,7.9,210.0,240.0,1.0,1.6,0.0,0.0,,,,
1064,RAMGANGA  B/C AT KANNAUJ,UTTAR PRADESH,17.0,33.0,6.1,8.9,6.9,8.5,302.0,614.0,3.5,6.6,0.2,0.5,2100.0,4100.0,3400.0,8400.0
2497,"KALI EAST AT KHARKHODA- PARIKSHIT GARH ROAD, VILL. KOL, MEERUT",UTTAR PRADESH,17.0,23.0,,,7.4,7.8,780.0,1950.0,52.0,72.0,2.0,5.2,110000.0,170000.0,170000.0,280000.0
1065,KALINAD B/CI AT KANNAUJ,UTTAR PRADESH,17.0,33.0,5.9,9.4,7.0,8.2,203.0,993.0,3.1,7.0,0.2,0.5,2100.0,4700.0,3800.0,9200.0
2482,"VARUNA AT RAMESHWAR, VARANASI",UTTAR PRADESH,22.0,34.0,5.9,9.0,7.2,8.2,294.0,574.0,2.7,4.5,0.0,0.0,1700.0,17000.0,2700.0,31000.0
2483,VARUNA B/C WITH  GANGA AT VARANASI,UTTAR PRADESH,22.0,34.0,1.5,6.4,7.4,8.6,354.0,709.0,15.0,45.0,0.0,0.0,70000.0,170000.0,140000.0,240000.0
1361,SAI AT UNNAO AFTER DRAIN OUTFALL,UTTAR PRADESH,18.0,29.0,6.7,8.1,7.1,7.4,385.0,632.0,2.9,4.0,0.1,0.1,1500.0,2500.0,3100.0,4900.0
2484,"SAI AT JALALPUR, JAUNPUR",UTTAR PRADESH,22.0,32.0,6.8,8.6,7.2,8.4,312.0,582.0,3.2,4.3,0.0,0.0,5000.0,13000.0,8000.0,17000.0
1350,GOMTI AT SITAPUR U/S AT WATER INTAKE,UTTAR PRADESH,17.0,36.0,7.8,11.9,7.5,8.7,180.0,532.0,2.3,2.8,1.0,1.7,68.0,460.0,200.0,1700.0
1351,GOMTI AT LUCKNOW U/S AT WATER INTAKE POINT,UTTAR PRADESH,18.0,36.0,5.4,10.6,7.6,8.5,16.0,598.3,3.1,3.7,1.3,5.9,780.0,4000.0,1700.0,5400.0
1352,GOMTI D/S LUCKNOW,UTTAR PRADESH,18.0,35.0,0.3,4.1,7.4,7.9,572.0,1085.0,10.0,13.0,1.6,6.8,79000.0,140000.0,130000.0,210000.0
1353,GOMTI D/S  JAUNPUR,UTTAR PRADESH,22.0,33.0,7.1,8.8,8.0,8.6,340.0,588.0,4.0,5.0,0.0,0.0,14000.0,23000.0,22000.0,34000.0
1072,GOMTI AT VARANASI,UTTAR PRADESH,21.0,31.0,7.4,9.2,7.2,8.4,290.0,572.0,3.0,4.5,0.0,0.0,5000.0,13000.0,11000.0,17000.0
2491,"RAPTI AT RAJGHAT, GORAKHPUR",UTTAR PRADESH,13.0,31.0,7.2,7.5,7.8,8.2,412.0,580.0,3.0,5.9,0.5,0.7,1700.0,5400.0,3500.0,9200.0
1363,"RAPTI A/C OF HONIN NR. DOMINGARH RLY BRIDGE, GORAKHPUR",UTTAR PRADESH,15.0,32.0,7.4,8.0,8.0,8.2,336.0,416.0,2.2,2.6,0.2,0.3,170.0,500.0,340.0,800.0
1354,SARYU AT AYODHYA AT MAIN BATHING GHAT,UTTAR PRADESH,18.0,25.0,7.4,9.9,7.8,7.9,171.0,219.0,2.9,4.1,0.7,0.8,3900.0,5100.0,7000.0,8000.0
1355,GHAGHARA D/S DEORIA,UTTAR PRADESH,15.0,31.0,7.5,8.0,8.0,8.2,384.0,454.0,2.4,2.9,0.2,0.3,200.0,800.0,450.0,1700.0
2492,"GHAGHRA AT BARHALGANJ, GORAKHPUR",UTTAR PRADESH,14.0,33.0,7.1,7.9,7.8,8.3,406.0,588.0,2.9,4.5,0.3,0.7,1300.0,4500.0,2200.0,7000.0
1076,GHAGHARA NEAR CHAPRA,BIHAR,17.0,30.0,6.8,9.8,7.1,8.5,216.0,424.0,2.0,2.9,0.0,0.0,700.0,1700.0,1400.0,5000.0
1359,RIHAND U/S  RENUKUT,UTTAR PRADESH,21.0,26.0,7.1,7.9,7.2,8.2,282.0,382.0,1.4,1.8,0.2,0.3,780.0,1400.0,2100.0,2800.0
1360,RIHAND D/S RENUKUT,UTTAR PRADESH,21.0,26.0,7.5,8.2,7.3,8.3,298.0,398.0,1.3,2.0,0.2,0.3,1000.0,1700.0,2300.0,3200.0
1075,SONE AT KOELWAR,BIHAR,22.0,31.0,5.0,8.8,7.1,8.3,180.0,460.0,2.0,2.9,0.0,0.0,700.0,2300.0,140.0,5000.0
1078,"GANDAK B/C AT SONEPUR, PATNA",BIHAR,17.0,30.0,7.2,9.8,7.0,8.6,214.0,348.0,1.8,2.9,0.0,0.0,500.0,1700.0,1100.0,5000.0
2568,"GANDAK AT REWAGHAT, MUJAFFARPUR",BIHAR,16.0,30.0,7.0,9.5,7.0,8.2,210.0,326.0,1.8,2.8,0.0,0.0,500.0,1700.0,1100.0,5000.0
2570,GANDAK AT SAMASTIPUR ROAD BRIDGE,BIHAR,20.0,34.0,7.6,9.4,7.3,8.9,218.0,521.0,2.0,2.9,0.0,0.0,700.0,2200.0,2000.0,5000.0
2575,"SIKRAHNA  AT LAL PARSE, BITTIAH",BIHAR,17.0,36.0,6.2,8.6,7.2,8.5,226.0,967.0,2.2,2.8,0.0,0.0,900.0,3000.0,2200.0,8000.0
1820,SIKRANA AT CHANPATIYA,BIHAR,16.0,30.0,6.0,8.6,7.4,8.2,221.0,623.0,2.4,2.8,0.0,0.0,800.0,2600.0,3000.0,5000.0
2562,"BURHI GANDAK AT AKHARAGHAT, MUZAFFARPUR",BIHAR,17.0,33.0,6.6,9.0,7.3,8.8,253.0,518.0,1.8,2.9,0.0,0.0,1100.0,3000.0,3000.0,5000.0
2558,HARBORA AT NARKATIAGANJ,BIHAR,17.0,30.0,6.5,8.2,6.5,7.9,222.0,585.0,2.6,3.0,0.0,0.0,700.0,3000.0,2400.0,5000.0
2567,KAMALA AT BENIPATTI (MADHUBANI),BIHAR,15.0,30.0,7.4,10.0,7.6,8.9,216.0,484.0,1.8,2.9,0.0,0.0,800.0,3000.0,3000.0,9000.0
2569,KAMALA  AT DARBHANGA,BIHAR,17.0,30.0,7.0,8.6,7.3,8.2,233.0,1150.0,1.8,2.9,0.0,0.0,1100.0,2600.0,3000.0,5000.0
2563,"MANUSMARAT RIGA, SITAMARHI",BIHAR,18.0,32.0,6.7,8.0,6.8,8.2,245.0,754.0,1.8,2.9,0.0,0.0,1300.0,5000.0,3800.0,9000.0
2565,KOSHI  AT KURSHELA AT KATIHAR,BIHAR,14.0,31.0,6.3,9.1,6.6,7.6,157.0,392.0,2.0,2.9,0.0,0.0,1100.0,2600.0,2800.0,5000.0
2566,KOSHI AT MADHEPURA,BIHAR,14.0,35.0,6.2,9.0,7.2,7.6,116.0,431.0,2.0,2.8,0.0,0.0,800.0,2600.0,2400.0,4900.0
1821,DAHA AT SIWAN,BIHAR,15.0,30.0,5.0,9.8,7.1,8.4,275.0,771.0,2.4,2.9,0.0,0.0,1100.0,3100.0,2800.0,8400.0
2560,DAHA D/S  SASAMUSA,BIHAR,16.0,30.0,6.0,9.5,7.0,7.8,286.0,614.0,2.2,2.8,0.0,0.0,1100.0,3000.0,2800.0,5000.0
2561,"DAHA  AT ITWA BRIDGE, SIWAN",BIHAR,15.0,29.0,6.9,9.2,7.2,8.4,260.0,478.0,1.9,2.9,0.0,0.0,400.0,2300.0,2400.0,4800.0
1823,DHOUS AT MADHUBANI,BIHAR,18.0,30.0,6.0,9.4,7.3,8.9,216.0,480.0,2.0,2.8,0.0,0.0,1100.0,3000.0,2800.0,5000.0
1824,FARMAR AT JOGBANI,BIHAR,14.0,29.0,5.6,8.6,6.6,7.6,99.5,480.0,1.8,3.0,0.0,0.0,700.0,2200.0,2800.0,7000.0
2559,RAM REKHAAT HARINAGAR,BIHAR,16.0,32.0,6.4,7.6,6.9,7.9,246.0,538.0,2.5,2.8,0.0,0.0,900.0,3000.0,3000.0,9000.0
1822,SIRSA AT RUXOL,BIHAR,16.0,33.0,6.4,6.4,7.0,7.7,251.0,845.0,2.5,18.0,0.0,0.0,2100.0,5000.0,4100.0,16000.0
1510,TONS RIVER,HIMACHAL PRADESH,7.0,20.0,8.7,9.4,6.3,8.2,49.1,130.3,0.1,1.2,0.0,0.5,2.0,3.7,3.7,26.0
2620,ASHWANI  U/S YASHWANT NAGAR,HIMACHAL PRADESH,,,7.4,8.7,7.3,8.9,231.0,635.0,0.1,2.0,0.0,4.5,2.0,12.0,6.1,38.0
2626,BATTA  U/S PAONTA,HIMACHAL PRADESH,13.0,29.0,6.6,9.0,7.5,8.6,248.0,583.0,0.1,1.2,0.0,0.7,6.0,13.0,14.0,24.0
2627,BATTA B/C TO YAMUNA,HIMACHAL PRADESH,15.0,27.0,6.2,8.9,7.5,8.5,401.0,577.0,0.2,1.4,0.0,0.7,6.8,13.0,15.0,27.0
2621,GIRI D/S YASHWANT NAGAR,HIMACHAL PRADESH,,,7.8,9.2,7.6,8.7,154.0,630.0,0.1,3.0,0.0,5.1,2.0,8.3,5.5,40.0
2622,GIRI U/S CCI MINES,HIMACHAL PRADESH,13.0,27.0,6.8,9.2,7.6,8.4,253.0,1030.0,0.1,1.2,0.1,0.7,4.0,13.0,10.0,31.0
2623,GIRI D/S SATAUN,HIMACHAL PRADESH,14.0,28.0,6.5,8.8,7.6,8.4,252.0,1080.0,0.1,1.6,0.2,0.7,4.0,17.0,12.0,32.0
2617,PABBAR  U/S DHAMBARI,HIMACHAL PRADESH,8.5,20.0,8.4,9.5,6.8,8.7,48.7,130.0,0.1,1.4,0.0,0.7,2.0,6.8,2.0,39.0
2618,PABBAR  U/S ROHRU,HIMACHAL PRADESH,8.0,21.0,8.0,9.2,6.5,8.5,55.1,159.0,0.1,1.2,0.0,0.7,2.0,3.6,6.0,26.0
2619,PABBAR  D/S SWARAKUDDU,HIMACHAL PRADESH,6.0,20.0,8.6,9.5,6.9,8.4,65.0,136.0,0.1,1.8,0.0,0.6,2.0,6.8,3.7,32.0
1357,HINDON AT SAHARANPUR D/S,UTTAR PRADESH,21.0,29.0,,,7.3,7.5,635.0,745.0,36.0,48.0,0.0,0.0,15000.0,15000.0,21000.0,21000.0
2496,"HINDON AT SARDHANA BUDHANA ROAD, VILLAGE BAPARSI, MEERUT",UTTAR PRADESH,18.0,23.0,,,7.2,7.7,730.0,970.0,44.0,65.0,3.2,6.5,79000.0,130000.0,110000.0,170000.0
1358,HINDON D/S GHAZIABAD,UTTAR PRADESH,16.0,26.0,0.0,0.0,6.7,7.5,792.0,1619.0,32.0,78.0,0.5,162.0,130000.0,220000.0,240000.0,320000.0
1356,BETWA B/C YAMUNA AT HAMIRPUR,UTTAR PRADESH,18.0,34.0,4.8,7.4,7.8,8.4,211.0,482.0,3.1,3.8,0.0,0.0,2100.0,2500.0,4000.0,7400.0
2107,BETWA U/S BEENA,MADHYA PRADESH,21.0,34.0,6.4,81.0,7.6,8.8,196.0,444.0,0.5,2.8,0.0,5.9,,,0.0,14.0
2108,BETWA D/S BEENA,MADHYA PRADESH,18.0,35.0,6.4,8.4,7.6,8.8,184.0,400.0,0.6,2.8,0.0,4.4,,,0.0,17.0
2119,"BETWA AT NAYAPUR D/S MANDIDEEP INDL. AREA NO.1,
DISTRICT RAISEN",MADHYA PRADESH,,,5.9,7.4,6.8,7.8,264.0,6516.0,2.2,20.0,0.0,0.1,110.0,240.0,210.0,1600.0
2121,"BETWA NEAR ROAD BRIDGE, BHOJPUR",MADHYA PRADESH,,,6.7,7.8,7.4,8.5,303.0,544.0,1.4,2.9,0.0,2.6,,,110.0,130.0
2122,BETWA NEAR W/S INTAKE WELL POINT RAISEN,MADHYA PRADESH,,,7.5,7.9,7.4,8.4,279.0,1402.0,0.9,2.3,0.0,0.2,,,70.0,120.0
1614,"BETWA NEAR INTAKE POINT, VIDISHA",MADHYA PRADESH,,,7.0,7.9,7.3,8.7,338.0,512.0,1.4,2.4,0.0,2.1,,,2.0,150.0
2124,"BETWA AT CHARANTIRGHAT, VIDISHA",MADHYA PRADESH,,,6.4,7.8,7.7,8.5,336.0,736.0,1.9,3.9,0.0,3.6,,,60.0,220.0
2125,BETWA D/S AFTER MIXING OF BAIS AT VIDISHA,MADHYA PRADESH,,,6.8,8.1,7.5,8.6,328.0,642.0,1.6,3.3,0.0,0.3,,,70.0,140.0
1735,GOVIND SAGAR,UTTAR PRADESH,19.0,34.0,5.9,7.2,7.7,8.9,170.0,804.0,3.0,3.3,0.0,0.0,1700.0,2100.0,4000.0,4900.0
2120,"KALIASOT NEAR ROAD BRIDGE, MANDIDEEP",MADHYA PRADESH,,,5.9,8.0,6.8,8.5,317.0,937.5,0.4,4.1,0.0,4.3,12.0,12.0,110.0,220.0
1142,SONE AT CHACHAI,MADHYA PRADESH,18.0,30.0,6.7,8.2,7.4,8.1,215.0,537.0,0.9,2.2,0.2,1.4,,,27.0,70.0
1371,SONE AT AMLAI,MADHYA PRADESH,18.0,31.0,6.8,7.9,7.3,8.1,212.0,560.0,1.0,2.1,0.4,1.3,,,26.0,70.0
1610,SONE AT ORIGINE AMARKANTAK,MADHYA PRADESH,18.0,30.0,6.0,7.1,6.8,7.8,78.0,233.0,0.5,1.6,0.0,2.0,,,6.0,26.0
3327,"SONE AT AMLAI, 100 METRE D/S AFTER MIXING OF ATPS",MADHYA PRADESH,18.0,31.0,3.2,3.8,6.6,8.2,426.0,1544.0,1.6,12.0,0.6,2.9,2.0,4.0,40.0,500.0
1612,SONE AT DEVLOAD OUT- LET OF BANSAGAR DAM,MADHYA PRADESH,18.0,31.0,6.8,8.9,7.5,8.1,182.0,511.3,0.7,1.9,0.2,0.9,,,22.0,90.0
3121,SONE NEAR BANZARI,BIHAR,16.0,34.0,7.2,9.2,7.2,8.6,171.0,1250.0,1.8,2.9,0.0,0.0,300.0,2200.0,1100.0,5000.0
3127,SONE RIVER AT BAHIYARA,BIHAR,22.0,30.0,5.2,9.0,7.5,8.2,161.0,459.0,1.8,2.9,0.0,0.0,300.0,3000.0,1100.0,5000.0
3128,SONE RIVER AT NASIRIGANJ DAM,BIHAR,18.0,33.0,7.1,9.6,7.4,8.5,158.0,1180.0,2.0,2.7,0.0,0.0,500.0,3000.0,1300.0,9000.0
3309,"CHAMBAL AT TAL VILLAGE NEAR BRIDGE, UJJAIN",MADHYA PRADESH,26.0,27.0,6.9,7.8,7.0,8.9,550.0,1460.0,1.6,6.0,1.0,4.0,6.0,600.0,40.0,1600.0
3310,"CHAMLA AT W/S INTAKE POINT BADNAGAR, UJJAIN",MADHYA PRADESH,19.0,31.0,6.5,7.6,7.7,8.4,309.0,1310.0,1.8,4.0,0.9,3.0,4.0,21.0,50.0,500.0
1365,CHAMBAL AT NAGDA U/S (WATER INTAKE POINT),MADHYA PRADESH,24.0,28.0,6.8,7.8,7.2,8.6,320.0,780.0,1.0,2.9,0.6,2.6,7.0,40.0,7.0,300.0
1366,CHAMBAL D/S NAGDA,MADHYA PRADESH,22.0,28.0,6.1,7.5,7.3,8.4,927.0,18620.0,2.9,56.0,0.7,7.0,70.0,1600.0,500.0,1600.0
2955,"CHAMBAL ENTERING IN RAJASTHAN AT GANDHI SAGAR DAM, KOTA",RAJASTHAN,18.0,31.0,4.6,6.7,7.5,9.8,210.0,480.0,0.7,1.7,0.1,1.8,4.0,7.0,7.0,20.0
1418,"CHAMBAL AT GANDHI SAGAR DAM, RAMPURA",MADHYA PRADESH,24.0,31.0,7.2,7.9,7.2,8.4,314.0,520.0,1.2,2.6,0.1,2.0,4.0,22.0,40.0,220.0
1288,CHAMBAL AT KOTA U/S (INTAKE PT. NEAR BARRAGE),RAJASTHAN,19.0,30.0,5.5,7.1,7.7,8.8,240.0,330.0,0.7,1.1,0.1,1.6,4.0,4.0,7.0,20.0
1289,CHAMBAL AT KOTA D/S (2 KM. FROM CITY),RAJASTHAN,19.0,31.0,4.5,6.8,7.9,9.1,270.0,820.0,0.9,3.1,0.5,1.7,7.0,28.0,93.0,1100.0
1413,CHAMBAL AT RAMESHWARGHAT NR. SAWAIMADHOPUR,RAJASTHAN,13.0,34.0,4.9,6.1,7.9,9.0,200.0,680.0,0.7,2.2,0.2,1.6,7.0,20.0,11.0,150.0
1609,CHAMBAL AT DHOLPUR,MADHYA PRADESH,22.0,28.0,7.2,9.0,7.2,8.5,325.0,970.0,1.3,2.3,0.0,2.8,,,,
1615,PARVATI NEAR INTAKE POINT PILLUKHEDI DISTT. RAJGARH,MADHYA PRADESH,18.0,26.0,6.7,8.9,7.1,7.6,395.0,632.0,1.8,2.6,0.0,0.0,,,,
2126,"PARVATI A/C OF VINDHYACHAL NALLA, PILUKHEDI",MADHYA PRADESH,18.0,32.0,6.2,8.7,7.4,7.6,322.0,654.0,1.9,2.8,0.0,1.2,11.0,21.0,33.0,280.0
2954,"PARVATI B/M CHAMBAL AT KHATOLI, KOTA",RAJASTHAN,17.0,31.0,5.0,7.4,8.0,9.0,180.0,720.0,0.8,1.9,0.4,1.7,4.0,14.0,7.0,150.0
1607,"GOHAD DAM, GOHAD",MADHYA PRADESH,22.0,29.0,4.1,8.2,7.2,8.9,410.0,1148.0,0.8,6.3,0.0,2.8,,,,
1367,KHAN AT KABIT KHEDI (NEAR INDORE),MADHYA PRADESH,22.0,29.0,2.5,4.8,7.1,8.1,936.0,1580.0,8.0,50.0,1.1,24.0,27.0,920.0,900.0,1600.0
1369,KSHIPRA AT RAMGHAT AT UJJAIN,MADHYA PRADESH,23.0,29.0,2.3,8.0,7.0,8.8,474.0,1700.0,2.6,16.0,1.2,5.7,280.0,800.0,1600.0,1600.0
1370,KSHIPRA AT TRIVENISANGAM (1 KM. D/S OF SANGAM),MADHYA PRADESH,19.0,29.0,3.6,8.2,7.6,8.8,397.0,1484.0,1.7,14.0,0.0,5.4,3.0,900.0,350.0,1600.0
1468,KSHIPRA AT SIDDHAWAT (D/S) OF UJJAIN,MADHYA PRADESH,23.0,30.0,2.7,8.6,7.1,8.7,482.0,1610.0,6.0,38.0,1.8,5.4,350.0,900.0,,
2953,"KALI SINDH AT ANICUT OF M/S CFCL GADEPAN, KOTA",RAJASTHAN,16.0,30.0,4.7,6.3,8.0,8.8,170.0,670.0,0.7,1.8,0.5,1.6,4.0,7.0,7.0,75.0
2956,"RIVER KALI SINDH AT BAROD ROAD BRIDGE, KOTA",RAJASTHAN,16.0,31.0,4.6,6.9,8.1,8.9,190.0,950.0,0.9,182.0,0.6,1.8,7.0,20.0,11.0,150.0
1608,SINDH AT DABRA,MADHYA PRADESH,22.0,30.0,8.0,10.0,7.3,8.7,299.0,920.0,1.1,1.8,0.0,2.8,11.0,11.0,1211.0,1211.0
2117,"BICHIA, BRIDGE GOVINDGARH ROAD",MADHYA PRADESH,18.0,33.0,5.6,6.9,7.3,7.8,428.0,784.0,2.1,3.5,1.0,1.5,6.0,50.0,21.0,350.0
1433,SANKH AT TIGRA RESERVOIR,MADHYA PRADESH,20.0,32.0,7.5,8.5,7.0,8.1,460.0,1215.0,1.2,2.5,0.0,2.8,1100.0,1100.0,,
2950,"BANAS,DHANARI DAM, NEAR SWAROOPGANJ, SIROHI",RAJASTHAN,16.0,25.0,4.5,7.3,7.5,9.0,160.0,770.0,0.7,1.8,0.8,4.4,4.0,14.0,7.0,150.0
2952,"BANAS,NEAR NEWTA DAM, JAIPUR",RAJASTHAN,17.0,30.0,1.9,4.2,8.1,9.4,220.0,2100.0,3.9,13.0,1.8,5.5,7.0,28.0,75.0,460.0
2951,"BANAS,BISULPUR DAM, TONK",RAJASTHAN,20.0,34.0,3.6,6.1,7.8,9.4,210.0,480.0,0.7,1.7,0.3,1.7,4.0,7.0,4.0,75.0
2945,"CHHAPI ,U/S OF CHHAPI DAM, JHALAWAR",RAJASTHAN,19.0,31.0,4.9,5.7,7.6,8.6,180.0,420.0,0.9,1.2,0.1,1.6,4.0,14.0,7.0,150.0
2946,"UJAD,U/S OF BHIM SAGAR DAM, JHALAWAR",RAJASTHAN,18.0,31.0,5.1,6.3,7.6,8.7,190.0,580.0,0.9,1.7,0.1,1.7,4.0,7.0,7.0,75.0
2382,DAMODAR AT PHUSRO ROAD BRIDGE,JHARKHAND,26.0,26.0,7.2,7.2,7.3,7.3,,,2.8,2.8,0.0,0.0,,,,
2383,DAMODAR U/S JAMADOVA,JHARKHAND,20.0,28.0,7.5,7.6,7.4,7.5,,,1.8,1.9,0.0,0.0,,,,
2384,DAMODAR D/S SINDRI,JHARKHAND,20.0,29.0,7.3,7.6,7.5,7.5,,,2,2.1,0.0,0.0,,,,
2391,DAMODAR AT PANCHET DAM,JHARKHAND,21.0,26.0,7.5,7.8,7.5,7.6,,,1.4,1.6,0.0,0.0,,,,
1331,"DAMODAR AT DISHERGARH VILL.(NR.BIHAR-WEST BENGAL
BORDER)",WEST BENGAL,20.0,31.0,6.3,12.0,7.4,8.1,163.0,374.0,1.1,7.9,0.1,1.2,500,90000.0,700,160000.0
1332,"DAMODAR AT D/S OF IISCO AFTER
3RD OUTFALL AT DHENNA VILLAGE",WEST BENGAL,21.0,32.0,6.6,12.0,7.1,8.3,179.0,367.0,1.1,4.3,0.2,0.7,200,35000.0,400,160000.0
1333,"DAMODAR AT NARAINPUR A/C  OF
NUNIA NALLAH",WEST BENGAL,22.0,34.0,4.7,15.0,7.1,8.4,312.0,455.0,2,8.9,0.3,1.0,400,22000.0,2200,90000.0
1334,"DAMODAR NEAR MUJHER MANA
VILLAGE A/C OF TAMLA NALLAH",WEST BENGAL,21.0,34.0,4.9,8.7,7.1,8.4,198.0,914.0,1.1,4.7,0.1,1.4,800,24000.0,1300,90000.0
1335,"HOOGHLY, DURGACHAK, NEAR
PATHIKALI",WEST BENGAL,23.0,32.0,5.4,8.1,7.5,8.2,1397.0,22600.0,0.7,4.0,0.1,0.5,2700,28000.0,11000,160000.0
2527,"DAMODAR,WATER INTAKE POINT
FOR BURDWAN TOWN",WEST BENGAL,21.0,36.0,6.5,11.3,7.4,8.3,176.0,400.0,1.2,5.6,0.2,0.9,200,17000.0,400,160000.0
2392,BARAKAR AT MAITHAN DAM,JHARKHAND,23.0,28.0,7.4,7.7,7.5,7.6,,,1.2,1.4,0.0,0.0,,,,
1336,"BARAKAR AT ASANSOL (WATER
INTAKE POINT)",WEST BENGAL,21.0,31.0,6,11.8,7.2,8.2,149.0,290.0,1,5.7,0.2,1.1,1200,30000.0,1700,50000.0
2390,KONAR AT TENUGHAT DAM,JHARKHAND,27.0,27.0,7.7,7.7,7.5,7.5,,,1.3,1.3,0.0,0.0,,,,
2509,"RUPNARAYAN , D/S AT KOLAGHAT,
NEAR KOLAGHAT RAIL BRIDGE NO.3",WEST BENGAL,22.0,34.0,5.7,7.9,7.5,8.2,208.0,5590.0,0.3,2.2,0.2,0.6,2200,22000.0,3300,160000.0
1337,"RUPNARAYAN B/C TO RIVER GANGA
NEAR GEONKHALI",WEST BENGAL,21.0,32.0,4.8,8.5,7.8,8.5,372.0,12200.0,0.4,2.9,0.2,0.7,5000,30000.0,8000,160000.0
2541,"DWARAKESHWAR WATER INTAKE
POINT FOR BANKURA TOWN",WEST BENGAL,22.0,33.0,6,9.5,7.2,8.3,128.0,578.0,1,4.4,0.1,1.3,100,35000.0,400,160000.0
2531,"DWARKA,  U/S OF TARAPITH AT
SADHAK BAMDEB GHAT",WEST BENGAL,19.0,36.0,3,12.4,6.8,8.7,110.0,1016.0,2.1,10.0,0.0,1.2,1100,35000.0,1700,160000.0
2532,"DWARKA , D/S OF TARAPITH, AT
SATIGHAT",WEST BENGAL,19.0,37.0,4.8,12.2,6.7,8.8,101.0,955.0,2.6,10.0,0.0,1.2,800,90000.0,1300,160000.0
2508,"SILABATI, D/S  AT GHATAL",WEST BENGAL,22.0,36.0,4.7,8.3,6.9,8.1,142.0,1677.0,0.6,3.8,0.1,0.6,5000,24000.0,11000,160000.0
2514,"JALANGI, D/S OF KRISHNA NAGAR",WEST BENGAL,21.0,34.0,1.6,9.8,7.1,8.3,244.0,662.0,0.8,8.3,0.1,0.9,70000,170000.0,110000,280000.0
1764,CHURNI D/S OF SANTIPUR TOWN,WEST BENGAL,22.0,34.0,1.8,7.3,7.1,8.1,182.0,693.0,3.3,10.0,0.3,1.7,80000,500000.0,130000,1600000.0
2518,"CHURNI, MAJHADIA",WEST BENGAL,22.0,32.0,0.2,6.8,7.2,8.3,226.0,691.0,2,8.3,0.3,1.0,11000,280000.0,21000,350000.0
2517,"MATHA BHANGA, GOBINDAPUR",WEST BENGAL,22.0,32.0,0.4,6.3,7.3,8.1,238.0,685.0,2.6,7.9,0.1,0.7,22000,220000.0,33000,280000.0
2534,"MAYURAKSHI,  WATER INTAKE POINT
FOR SURI TOWN",WEST BENGAL,20.0,33.0,5.1,10.2,6.9,8.2,119.0,193.0,1,4.5,0.1,0.9,200,13000.0,400,24000.0
2507,"KANSI, D/S MIDNAPORE, NEAR NEW
HANUMAN MANDIR, GANDHIGHAT",WEST BENGAL,24.0,36.0,5.6,11.2,6.8,9.0,128.0,355.0,1.6,7.9,0.1,0.5,1700,30000.0,2600,90000.0
1946,MAHANANDA AT SILIGURI,WEST BENGAL,14.0,30.0,3.3,8.7,6.5,7.9,99.0,202.0,1.3,6.0,0.2,0.6,1700,40000.0,3300,110000.0
Water quality criteria,,,,,>4 mg/l,,6.5-8.5,,,,<3 mg/l,,,,<2500MPN/100ml,,<5000MPN/100ml,
2525,"MAHANANDA D/S, RAMGHAT",WEST BENGAL,12.0,34.0,1.2,6.2,6.8,7.8,102.0,489.0,2.4,25.0,0.2,0.5,50000,1400000.0,110000,2800000.0
2572,"MAHANANDA AT THAKURGANJ,
KISHANGANJ ROAD BRIDGE",BIHAR,14.0,28.0,6.1,8.5,6.5,7.6,107.0,425.0,2,28.0,0.0,0.0,800,3000.0,2400,9000.0
2549,"VINDYADHARI,  U/S HAROA BRIDGE",WEST BENGAL,21.0,33.0,0.4,2.2,7.5,8.0,601.0,7917.0,5,45.0,0.5,1.2,22000,300000.0,50000,500000.0
2550,"VINDYADHARI D/S MALANCHA
BURNING GHAT",WEST BENGAL,21.0,39.0,0.6,4.1,7.4,8.0,2416.0,25160.0,7,27.0,0.4,0.9,11000,80000.0,14000,130000.0
2381,BOKARO AT JARANDI,JHARKHAND,28.0,28.0,6.7,6.7,7.3,7.3,,,2.5,2.5,0.0,0.0,,,,
1260,BRAHAMPUTRA AT KHERGHAT (A/C  WITH DIBANG & DIHANG),ASSAM,19.0,28.0,5.8,9.0,6.8,8.2,76.0,271.0,0.5,2.5,0.1,2.1,2,1500.0,910,120000.0
1030,BRAHAMPUTRA AT DIBRUGARH,ASSAM,18.0,30.0,6.1,10.5,7.2,8.2,71.0,260.0,0.6,2.6,0.1,0.3,300,2000.0,360,7500.0
1262,BRAHAMPUTRA AT NIMATIGHAT,ASSAM,14.0,28.0,5.3,7.8,7.1,8.0,74.0,156.0,1.0,3.9,0.1,0.5,300,1500.0,910,24000.0
1526,BRAHMPUTRA  AT DHENUKHAPAHAR,ASSAM,19.0,26.0,6.3,8.4,6.9,8.0,74.0,241.0,0.7,4.8,0.2,1.2,2,2000.0,730,29000.0
1031,BRAHAMPUTRA AT PANDU,ASSAM,20.0,32.0,6.4,7.6,7.1,8.1,66.0,152.0,0.8,2.7,0.1,1.5,360,2800.0,720,29000.0
2066,BRAHMAPUTRA  AT DHUBRI,ASSAM,21.0,31.0,4.7,6.6,6.9,7.9,93.0,151.0,1.0,3.0,0.1,0.4,360,2100.0,1500,46000.0
1299,BRAHAMPUTRA AT JOGIJHOGA NEAR BRIDGE,ASSAM,21.0,32.0,5.2,6.3,7.2,8.3,104.0,183.0,0.9,2.5,0.1,0.3,300,1500.0,1400,21000.0
2069,"BRAHMPUTRA NEAR WATER INTAKE POINT AT KACHARIGHAT,
PANBAZAR, GUWAHATI",ASSAM,20.0,28.0,6.2,8.2,7.1,8.4,84.0,153.0,0.4,2.4,0.1,0.6,300,4300.0,1500,120000.0
2064,"BRAHMAPUTRA RIVER AT CHANDRAPUR, GUWAHATI",ASSAM,21.0,29.0,5.9,8.0,6.5,8.1,54.0,104.0,0.7,4.7,0.1,2.0,300,2100.0,1500,110000.0
2067,"BRAHMPUTRA RIVER AT SUALKUCHI, DIST. KAMRUP",ASSAM,21.0,34.0,4.9,8.1,7.2,8.4,88.0,216.0,0.6,4.5,0.1,0.6,300,1100.0,1400,110000.0
2068,"KATHAKAL, U/S  AT MATIJURI, DIST. HAILAKANDI",ASSAM,21.0,27.0,5.4,5.9,6.8,8.3,54.0,142.0,0.7,2.8,0.1,2.7,2,2100.0,730,9300.0
1259,DHANSIRI AT GOLAGHAT,ASSAM,18.0,28.0,5.3,8.4,6.8,8.4,74.0,171.0,0.9,2.6,0.1,2.9,73.0,3400.0,910.0,21000.0
1796,"DHANSIRI, FULL NAGARJAN",NAGALAND,17.0,32.0,0.7,6.8,7.0,8.4,72.5,634.0,1.0,8.0,0.0,1.2,,,,
1797,"DHANSIR,BRIDGE NEAR PURANA BAZAAR",NAGALAND,18.0,33.0,0.7,6.7,7.0,7.8,77.2,258.0,1.0,10.0,0.0,1.5,,,,
1798,NEAR CHECK GATE (DIMAPUR KHUTKHUTI ROAD),NAGALAND,18.0,34.0,0.8,7.5,7.0,7.7,6.0,257.0,0.7,9.0,0.0,1.3,,,,
1799,"DHANSIR, TOWN BOUNDARY BRIDGE (DIPHU
ROAD)",NAGALAND,16.0,31.0,0.6,6.6,6.5,7.7,70.3,212.0,1.0,8.0,0.0,1.6,,,,
1800,"DHANSIR, NUTON BASTI",NAGALAND,16.0,32.0,0.2,4.5,6.5,7.7,91.9,442.0,3.0,50.0,0.0,12.0,,,,
1928,"DHANSIRI AT NAGALAND- ASSAM BORDER, DIMAPUR",NAGALAND,18.0,33.0,0.2,5.3,7.0,8.1,85.0,436.0,2.0,25.0,0.0,2.1,,,,
1929,"CHATHE AT MEDZIPHEMA, DIMAPUR",NAGALAND,20.0,32.0,0.8,7.1,7.4,9.0,63.4,149.4,2.0,7.0,0.0,21.0,,,,
1930,DZU D/S KOHIMA TOWN,NAGALAND,14.0,27.0,1.1,7.2,7.5,9.2,192.0,624.0,2.0,7.0,0.0,53.0,,,,
2240,BARAK  D/S OF SILCHAR,ASSAM,24.0,29.0,5.5,5.9,6.8,7.8,41.0,170.0,1.1,4.2,0.1,1.2,300,1100.0,910,110000.0
2238,BEKI  AT NH-37 CROSSING AT BARPETA ROAD,ASSAM,20.0,30.0,5.0,6.0,7.3,8.3,71.0,315.0,0.9,3.5,0.1,1.2,2,16000.0,2,7500.0
1528,BHARALU  AT GUWAHATI,ASSAM,20.0,32.0,0.0,0.3,6.9,7.6,238.0,794.0,8.2,52.0,0.8,8.9,720,240000.0,3500,240000.0
1527,BHOGDOI AT JORHAT,ASSAM,17.0,31.0,4.5,6.2,6.7,8.0,59.0,134.0,1.0,4.5,0.1,1.1,720,3900.0,3500,110000.0
2233,"BOGINADI NEAR BRIDGE NH-52, LAKHIMPUR",ASSAM,12.0,32.0,6.8,8.6,7.0,8.2,46.0,109.0,0.5,2.8,0.1,0.2,2,910.0,700,240000.0
1423,BORAK AT PANCHAGRAM,ASSAM,20.0,27.0,5.5,5.9,6.8,8.0,46.0,122.0,0.7,3.5,0.1,2.5,300,2900.0,910,120000.0
1422,BURHIDIHING AT MARGHERITA,ASSAM,19.0,31.0,4.2,9.5,6.8,7.9,52.0,219.0,0.6,4.0,0.1,1.1,2,1000.0,360,21000.0
2230,BURHIDIHING AT DULIAJAN (INTAKE POINT OF OIL INDIA LTD.),ASSAM,18.0,29.0,4.5,8.4,6.8,8.1,56.0,186.0,0.6,2.6,0.1,0.8,2,910.0,1000,21000.0
2062,BURIDIHING D/S NEAR DULIAJAN TINSUKIA,ASSAM,18.0,31.0,6.1,9.2,7.1,8.1,56.0,186.0,0.6,3.8,0.1,0.6,300,2000.0,1400,21000.0
1529,DEEPAR BEEL,ASSAM,22.0,33.0,3.1,12.2,6.8,8.2,121.0,294.0,0.8,11.0,0.5,1.4,300,2100.0,730,21000.0
1530,"DIGBOI AT LAKHIPATHE, RESERVE FOREST, DIGBOI",ASSAM,18.0,30.0,3.0,7.6,6.4,10.0,43.0,835.0,1.2,14.0,0.1,8.0,2,1400.0,1500,29000.0
2231,DIKHOW AT DIKHOW BRIDGE SIVASAGAR,ASSAM,18.0,30.0,4.9,7.9,6.6,7.8,67.0,208.0,0.6,3.0,0.1,0.7,300,7500.0,1500,110000.0
1298,DISANG AT GUNDAMGHAT,ASSAM,17.0,30.0,4.8,6.7,6.2,7.9,52.0,218.0,0.6,4.2,0.2,4.3,2,2800.0,360,110000.0
2058,"DISANG  AT DILLIGHAT, DIBRUGARH DIST",ASSAM,19.0,28.0,3.4,8.0,6.8,8.3,56.0,171.0,0.8,2.8,0.1,0.7,2,730.0,1400,21000.0
2063,"JAI BHARALI NEAR BISWANATH CHARALI, SONITPUR",ASSAM,15.0,30.0,6.5,8.8,7.0,8.2,44.0,72.0,0.4,2.1,0.1,1.1,2,720.0,300,29000.0
1258,JHANJI AT N.H. CROSSING JORHAT,ASSAM,17.0,30.0,4.8,7.5,6.4,8.1,36.0,124.0,1.1,3.8,0.1,2.1,300,1400.0,930,110000.0
2237,"KALONG  AT U/S OF ANANDARAM DEKIAL PHUKAN BRIDGE, NAGAON",ASSAM,21.0,32.0,3.6,6.7,6.4,7.7,38.0,188.0,0.8,3.7,0.1,4.6,300,24000.0,2800,240000.0
2236,"KAPILI  AT DHARMTUL BRIDGE, NH- 31, NAGAON",ASSAM,20.0,33.0,5.0,8.3,6.3,7.9,54.0,96.0,0.8,3.3,0.1,1.1,360,12000.0,1500,29000.0
2523,"KAROLA, D/S OF JALPAIGURI, NEAR MIN BHAWAN",WEST BENGAL,20.0,34.0,4.1,8.4,6.7,7.8,52.6,138.5,1.0,3.3,0.0,0.5,2100,30000.0,7000,90000.0
2061,KHARSANG B/C WITH BURIDIHING NEAR KHARSANG (ASSAM- ARUNANCHAL BORDER),ASSAM,19.0,30.0,5.5,7.9,6.6,8.3,56.0,156.0,1.0,7.2,0.1,3.9,2,910.0,730,3600.0
2232,"KOHORA AT N.H. CROSSING, KOHORA",ASSAM,19.0,29.0,3.9,9.1,6.3,8.2,22.0,76.0,0.9,4.4,0.1,2.1,91,2700.0,2100,21000.0
2059,KOLONG  AT MARIGAON,ASSAM,20.0,37.0,4.6,7.7,6.6,8.4,49.0,103.0,0.6,4.3,0.2,3.1,2,2800.0,1500,240000.0
2229,"KUNDLI AT KUNDLI/ SAPAKHOWA, SADIA",ASSAM,18.0,28.0,6.1,8.5,7.1,8.4,74.0,273.0,0.6,2.6,0.1,0.8,2,910.0,360,9300.0
2242,KUSHIARA  AT KARIMGANJ,ASSAM,21.0,27.0,5.5,6.0,6.6,7.9,44.0,147.0,0.8,2.7,0.1,3.3,2,1400.0,730,110000.0
3417,"MANU  AT MANUGHAT, CONFL POINT OF CHAWMANU CHARRA & MANU RIVER, DHALAI",TRIPURA,26.0,27.0,5.2,6.2,6.1,7.0,81.5,127.0,1.1,2.3,0.2,0.5,200,240.0,350,350.0
3418,MANU D/SAT KAILASHAHAR,TRIPURA,26.0,28.0,5.5,7.0,7.2,8.2,91.5,127.0,1.9,3.5,0.2,0.6,170,280.0,280,430.0
3419,MANU AT KUMARGHAT,TRIPURA,26.0,28.0,6.9,8.5,7.2,7.6,91.5,131.0,1.9,3.6,0.3,0.7,170,350.0,280,430.0
2060,"MANAS AT NH-31 CROSSING, BARPETA, DISTRICT",ASSAM,22.0,31.0,5.6,6.1,7.5,8.5,106.0,335.0,0.6,2.5,0.1,1.1,2,2000.0,2,3600.0
1531,MORA BHARALI  AT TEZPUR,ASSAM,19.0,30.0,6.5,9.0,6.5,8.2,81.0,457.0,1.1,4.3,0.2,1.2,2,3500.0,360,46000.0
2065,"PAGLDIA  NEAR NALBARI TOWN, DIST. NALBARI",ASSAM,21.0,35.0,5.6,8.1,7.5,8.8,117.0,250.0,0.7,8.2,0.1,1.3,2,2300.0,1400,21000.0
2235,"PANCHNAI AT NH-52 CROSSING, ORANG",ASSAM,16.0,27.0,6.5,8.7,7.0,8.3,59.0,89.0,0.7,3.8,0.1,1.0,2,1500.0,910,240000.0
2234,RANGA NADI D/S OF HYDEL PROJECT,ASSAM,14.0,30.0,6.6,8.4,6.9,8.4,60.0,131.0,0.4,2.4,0.1,0.8,2,910.0,1000,21000.0
2239,SANKOSH  DHUBRI,ASSAM,21.0,32.0,4.3,6.0,6.7,7.9,49.0,109.0,0.8,3.3,0.1,1.1,300,1100.0,720,12000.0
2241,SONAI RIVER  AT SONAI,ASSAM,24.0,29.0,5.5,6.1,6.8,7.9,51.0,117.0,0.6,4.4,0.1,0.9,300,1500.0,910,21000.0
1261,"SUBANSIRI AT GEREKAMUKH, B/C WITH BRAHMAPUTRA",ASSAM,11.0,28.0,7.3,9.7,7.0,8.3,61.0,109.0,0.4,1.8,0.1,2.0,2,720.0,360,4300.0
1947,TEESTA AT SILIGURI,WEST BENGAL,11.0,26.0,5.6,8.7,6.8,8.0,48.7,123.3,0.9,3.3,0.1,0.3,2100,14000.0,2200,90000.0
1232,MAHI (D/S) CONF WITH R. CHAP (UNDER SAGWARA-SARHI RD. BDG.),RAJASTHAN,21.0,33.0,4.1,6.8,7.4,9.0,210.0,700.0,0.8,2.2,0.1,1.7,4.0,7.0,7,75.0
1863,MAHI AT UMETA BRIDGE,GUJARAT,19.0,30.0,5.3,9.0,6.6,8.5,270.0,430.0,0.6,4.8,0.0,0.5,11.0,49.0,33,130.0
1864,MAHI AT MUJPUR,GUJARAT,27.0,33.0,6.0,9.0,7.3,8.5,307.0,568.0,0.9,4.9,0.1,3.9,12.0,46.0,47,96.0
4,MAHI AT SEVALIA,GUJARAT,24.0,30.0,7.3,9.0,8.0,8.6,288.0,406.0,0.3,2.8,0.0,0.3,14.0,49.0,49,140.0
5,MAHI AT VASAD,GUJARAT,20.0,29.0,4.9,9.1,7.3,8.5,269.0,453.0,0.6,4.8,0.0,0.9,11.0,46.0,33,120.0
1229,MAHI NEAR RAJASTHAN BORDER AT KADANA DAM,GUJARAT,29.0,32.0,6.2,9.0,7.3,8.5,298.0,409.0,0.1,6.5,0.1,0.9,2.0,11.0,11,33.0
1230,MAHI AFTER CONF. WITH ANAS AT PARDI (BANASWADA),GUJARAT,30.0,33.0,5.6,8.9,7.1,8.5,281.0,436.0,0.2,7.0,0.0,0.5,12.0,46.0,47,130.0
1231,MAHI AT VIRPUR,GUJARAT,28.0,32.0,3.0,8.9,7.5,8.5,291.0,422.0,0.1,2.6,0.0,0.5,2.0,46.0,11,120.0
1233,MAHI AT BADNAWAR,MADHYA PRADESH,23.0,29.0,6.9,7.8,7.8,8.3,28.0,492.0,1.1,1.4,0.7,1.7,,,40,150.0
3206,MAHI AT SHERKHI BRIDGE,GUJARAT,26.0,31.0,6.0,9.0,7.5,8.5,282.0,2612.0,1.0,5.9,0.1,0.6,11.0,27.0,33,79.0
3318,"MAHI AT RANISINGH VILLAGE, RATLAM, UJJAIN",MADHYA PRADESH,19.0,31.0,6.8,9.5,7.1,8.7,380.0,532.0,1.5,2.8,0.7,2.4,4.0,13.0,30,300.0
2102,"SHIVNA AT RAMGHAT, MANDSAUR",MADHYA PRADESH,23.0,31.0,7.0,7.6,7.3,8.7,405.0,790.0,1.4,2.9,1.0,2.8,3.0,13.0,50,350.0
2103,"JAMMER AT DHOLOWAD, RATLAM",MADHYA PRADESH,19.0,31.0,6.8,8.1,7.4,8.6,275.0,510.0,1.6,2.6,0.7,3.1,3.0,8.0,30,170.0
2104,MALEI AT JAORA,MADHYA PRADESH,19.0,30.0,6.0,7.6,7.8,8.5,580.0,1319.0,2.2,3.5,0.9,3.7,6.0,900.0,140,1600.0
2105,CHILLAR AT SHAJAPUR,MADHYA PRADESH,21.0,30.0,4.8,7.4,7.4,8.8,290.0,611.0,1.8,2.9,0.1,2.3,4.0,50.0,40,350.0
1228,"ANAS AT DAHOD,(KUSHALGARH),DIST.
PANCHMAHAL",GUJARAT,30.0,32.0,3.8,8.9,7.5,9.0,291.0,607.0,0.2,4.3,0.0,0.5,11.0,26.0,33,70.0
1227,PANAM AT LUNAWADA,GUJARAT,28.0,32.0,5.6,9.0,7.6,8.5,289.0,427.0,0.1,2.3,0.0,0.2,12.0,46.0,47,96.0
3204,VISHWAMITRI DOWNSTREAM AT KHALIPUR VILLAG,GUJARAT,26.0,30.0,0.8,2.2,7.0,8.1,526.0,1441.0,2.1,20.0,0.1,0.3,330.0,400.0,1600,2200.0
3205,"VISHWAMITRI, UPSTREAM AT ASOD BRIDGE AT NH-8 NEAR GLDEN CHOKDI, ASOD VEMALI
ROAD",GUJARAT,26.0,30.0,4.9,9.2,7.8,8.3,234.0,555.0,1.0,6.0,0.0,0.4,4.0,14.0,21,49.0
1,SABARMATI AT DHAROI DAM,GUJARAT,27.0,33.0,5.5,8.04,7.7,8.9,250.0,3137.0,1.2,76.0,0.0,3.9,2.0,25.0,10.0,210.0
2,"SABARMATI AT AHMEDABAD AT
V.N. BRIDGE",GUJARAT,25.0,29.0,1.2,7.32,7.5,8.0,320.0,1659.0,1.5,60.0,0.1,0.3,33.0,400.0,430.0,3500.0
1221,SABARMATI AT KHEROJ BRIDGE,GUJARAT,25.0,27.0,4.1,7.7,7.4,8.5,356.0,874.0,1.4,4.0,0.1,0.2,1.8,14.0,6.8,120.0
1223,SABARMATI A/C  WITH MESHWA AT VAUTHA NEAR DHOKLA,GUJARAT,26.0,30.0,1.1,7.2,7.4,8.4,447.0,2719.0,1.6,52.0,0.0,0.5,20.0,260.0,210.0,1400.0
1407,"SABARMATI AT GANDHI NAGAR CHILODA BRIDGE,LEKAWADA",GUJARAT,28.0,32.0,5.0,8.2,7.9,8.5,217.0,314.0,0.6,7.0,0.0,0.1,4.0,14.0,13.0,70.0
1408,"SABARMATI AT VILL. MIROLI TALUKA DASCROI,AHMEDABAD",GUJARAT,28.0,33.0,7.1,7.1,7.4,8.8,759.0,3389.0,5.0,68.0,0.1,0.6,25.0,630.0,540.0,4800.0
1409,SABARMATI AT RAILWAY BRIDGE AHMEDABAD,GUJARAT,25.0,28.0,3.4,7.2,8.0,8.4,300.0,597.0,1.7,28.0,0.1,0.4,11.0,26.0,70.0,220.0
1482,"SABARMATI AT MAHUDI JAIN TEMPLE, 150 KM. FORM ORIGIN",GUJARAT,27.0,29.0,4.0,8.8,7.8,8.4,278.0,427.0,1.2,3.0,0.0,0.1,4.0,11.0,21.0,31.0
1866,SABARMATI AT HANSAOL BRIDGE,GUJARAT,25.0,28.0,4.3,7.6,7.3,8.3,237.0,401.0,1.2,2.5,0.1,0.4,11.0,33.0,70.0,350.0
1437,KHARI AT LALI VILLAGE NEAR AHMEDABAD,GUJARAT,30.0,34.0,,,7.3,8.3,2205.0,3840.0,52.0,235.0,0.1,0.9,1300.0,11000.0,7900.0,92000.0
1224,MESHWA NEAR RAJASTHAN BORDER AT SAMLAJI,GUJARAT,27.0,27.0,6.6,6.6,8.0,8.0,375.0,375.0,1.5,1.5,0.1,0.1,6.1,6.1,26.0,26.0
1222,SHEDHI AT KHEDA,GUJARAT,25.0,32.0,1.2,9.0,7.3,8.1,397.0,3350.0,0.9,9.0,0.0,0.5,21.0,46.0,96.0,170.0
1242.0,NARMADA NEAR SOURCE AT AMARKANTAK,MADHYA PRADESH,18.0,30.0,6.6,9.6,7.2,7.9,91.2,305.0,0.6,1.9,0.0,0.6,,,12.0,34.0
3321.0,"NARMADA AT AMARKANTAKE FROM ORIGIN POINT, REWA",MADHYA PRADESH,19.0,30.0,7.5,9.6,7.2,8.1,181.0,522.4,0.8,1.9,0.2,0.8,,,22.0,50.0
2118.0,NARMADA  AT D/S OF KAPILDHARA,MADHYA PRADESH,18.0,30.0,7.1,8.4,7.3,8.0,118.0,482.0,0.8,1.9,0.4,0.9,,,27.0,60.0
1241.0,NARMADA AT MANDLA NEAR ROAD BDG,MADHYA PRADESH,21.0,23.0,7.4,7.8,7.3,8.4,250.0,619.0,1.2,1.7,0.0,1.9,,,20.0,47.0
3322.0,"NARMADA AT MANDLA, NEAR SHAMSHANGHAT, JABALPUR",MADHYA PRADESH,20.0,24.0,7.4,7.8,7.2,8.4,255.0,611.0,1.0,2.0,0.0,1.7,,,15.0,47.0
2099.0,"NARMADA LALPUR, JABALPUR",MADHYA PRADESH,21.0,24.0,7.3,7.9,7.1,8.3,294.0,602.0,1.0,1.8,0.0,1.4,,,15.0,41.0
3323.0,"NARMADA AT LALPUR, NEAR WATER SUPPLY INTAKE POINT, JABALPUR",MADHYA PRADESH,21.0,28.0,7.2,7.9,7.2,8.3,219.0,727.0,1.1,2.4,0.0,2.2,,,21.0,47.0
3324.0,"NARMADA AT PANCHWATIGHAT, BEFORE MIXING WITH BAWANGANGA JABALPUR",MADHYA PRADESH,20.0,27.0,6.9,7.9,7.1,8.8,262.0,625.0,1.2,1.7,0.0,2.0,,,23.0,48.0
3325.0,"NARMADA AT SARSWATIGHAT, AFTER MIXING WITH BAWANGANGA JABALPUR",MADHYA PRADESH,21.0,28.0,6.8,7.9,7.2,8.3,128.0,793.0,1.1,2.2,0.0,3.3,,,21.0,280.0
1240.0,NARMADA AT NARSINGHPUR,MADHYA PRADESH,19.0,26.0,7.3,8.0,7.2,8.4,216.0,634.0,1.2,1.8,0.0,1.5,,,23.0,43.0
1234.0,NARMADA AT HOSHANGABAD U S,MADHYA PRADESH,,,7.2,8.3,8.0,8.5,256.0,291.0,1.0,1.7,0.0,0.5,,,34.0,47.0
2123.0,NARMADA AT KORIGHAT HOSHANGABAD,MADHYA PRADESH,,,7.5,8.2,7.8,8.6,196.0,292.0,1.1,1.8,0.0,0.9,,,30.0,40.0
44.0,NARMADA AT SETHANIGHAT,MADHYA PRADESH,22.0,28.0,6.2,7.2,6.7,8.1,265.0,960.0,0.5,0.8,0.3,2.4,,,400.0,1400.0
1235.0,NARMADA AT HOSHANGABAD D S,MADHYA PRADESH,,,1.3,8.2,8.1,12.0,213.0,310.0,1.1,8.0,0.0,0.7,,,34.0,40.0
2106.0,RIVER NARMADA AT NEMAWAR,MADHYA PRADESH,21.0,27.0,6.8,7.6,7.3,8.2,300.0,463.0,1.6,2.0,0.6,2.1,2.0,20.0,30.0,140.0
2113.0,"RIVER NARMADA NEAR PUNASA DAM, PUNASA",MADHYA PRADESH,21.0,29.0,6.8,8.0,7.5,8.5,217.0,380.0,0.6,1.4,0.4,1.1,,,30.0,40.0
1430.0,NARMADA AT D S OF OMKARESHWAR,MADHYA PRADESH,22.0,29.0,6.8,7.9,7.3,8.5,263.0,364.0,1.1,1.7,0.6,4.9,,,40.0,50.0
2112.0,"RIVER NARMADA NEAR MORTAKKA BRIDGE, BADWAH",MADHYA PRADESH,21.0,29.0,6.8,8.2,7.6,8.4,260.0,310.0,1.0,1.7,0.5,2.4,,,33.0,50.0
45.0,NARMADA AT MANDLESHWAR,MADHYA PRADESH,22.0,26.0,4.2,4.6,7.5,8.0,960.0,1418.0,,,2.7,4.6,,,400.0,400.0
1431.0,NARMADA AT MAHESHWAR,MADHYA PRADESH,19.0,31.0,7.1,8.4,7.9,8.5,256.0,378.0,0.9,1.4,0.0,2.5,,,40.0,50.0
1239.0,NARMADA AT BADWANI,MADHYA PRADESH,18.0,30.0,6.9,8.1,7.6,8.5,256.0,328.0,1.0,1.6,0.6,2.8,,,34.0,50.0
7.0,NARMADA AT GARUDESHWAR,GUJARAT,26.0,30.0,7.1,7.95,7.7,8.4,271.0,364.0,0.3,1.0,0.2,0.3,7.8,22.0,21.0,130.0
1245.0,NARMADA AT CHANDOD,GUJARAT,25.0,30.0,5.8,8.5,7.1,8.5,218.0,338.0,0.4,2.1,0.0,0.5,11.0,14.0,33.0,49.0
1244.0,NARMADA AT PANETHA,GUJARAT,26.0,32.0,7.0,8.2,7.0,8.4,260.0,720.0,0.3,1.0,0.2,0.34,11.0,33.0,23.0,170.0
1981.0,"NARMADA AT ZANOR (NTPC), BHARUCH",GUJARAT,23.0,30.0,6.7,7.7,7.5,8.3,253.0,730.0,0.7,0.9,0.2,0.5,33.0,79.0,70.0,2100.0
1243.0,"NARMADA AT BHARUCH,ZADESHVAR",GUJARAT,26.0,30.0,6.5,7.5,7.5,8.4,291.0,4320.0,0.9,1.3,0.2,0.3,70.0,1400.0,330.0,28000.0
,,,,,,,,,,,,,,,,,,
3305.0,"BANJAR AT MALANJKHAND NEAR W/S INTAKE POINT, JABALPUR",MADHYA PRADESH,20.0,30.0,7.3,7.9,7.2,8.4,248.0,618.0,1.2,2.2,0.0,1.5,4.0,6.0,21.0,63.0
1236.0,"CHOTA TAWA B/C,  WITH NARMADA",MADHYA PRADESH,22.0,29.0,6.9,7.9,7.9,8.5,264.0,468.0,0.9,1.2,0.0,2.0,,,40.0,90.0
2100.0,"GOUR RIVER BHOGA DOOR, JABALPUR",MADHYA PRADESH,20.0,25.0,7.1,7.8,7.1,8.4,223.0,844.0,1.0,2.2,0.0,2.2,1.4,10.0,12.0,210.0
2101.0,KATNI  NEAR NAGAR NIGAM,MADHYA PRADESH,17.0,28.0,6.3,7.9,7.1,8.3,256.0,810.0,0.6,3.5,0.0,2.0,2.0,29.0,4.0,84.0
2114.0,RIVER KUNDA AT KHARGONE,MADHYA PRADESH,23.0,28.0,5.7,6.9,7.2,8.4,310.0,700.0,1.5,4.0,0.0,4.2,,,70.0,1403.0
9,TAPI AT NEPANAGAR,MADHYA PRADESH,18.0,29.0,6.6,7.9,7.8,8.0,288.0,890.0,1.1,1.4,0.3,2.2,,,40,110.0
10,TAPI AT BURHANPUR,MADHYA PRADESH,19.0,29.0,6.2,7.6,7.5,8.7,302.0,1104.0,1.2,2.9,0.9,5.6,,,110,900.0
1250,TAPI AT HATHNUR,MADHYA PRADESH,19.0,30.0,6.4,7.4,7.8,8.7,308.0,964.0,1.3,2.8,0.7,4.9,,,140,900.0
1313,TAPI AT AJNAND VILLAGE,MAHARASHTRA,22.0,26.0,5.4,7.2,7.2,8.2,223.0,1285.0,2.0,8.0,0.0,1.5,2.0,4.0,80,170.0
1251,TAPI AT BHUSAWAL US,MAHARASHTRA,21.0,25.0,5.4,7.2,7.1,8.0,244.0,1260.0,2.0,8.0,0.0,1.7,2.0,4.0,80,210.0
1314,TAPI AT UPHAD VILLAGE,MAHARASHTRA,21.0,22.0,5.9,7.0,7.2,8.2,273.0,951.0,3.0,5.0,0.0,0.5,2.0,6.0,50,500.0
46,"TAPI AT UKAI, SHERULA BRIDGE",GUJARAT,26.0,32.0,7.9,8.0,7.5,8.6,1153.0,2776.0,2.0,2.0,0.2,0.09,2.0,2.0,18,18.0
1247,TAPI AT MANDAVI,GUJARAT,24.0,31.0,2.4,8.8,7.7,8.5,244.0,431.0,0.9,1.2,0.0,0.1,2.0,542.0,8,542.0
47,"TAPI AT KATHORE, (NH-8 BRIDGE)",GUJARAT,22.0,38.0,3.9,6.2,7.5,8.5,312.0,556.0,3.2,15.0,0.3,2.9,8.0,20.0,35,550.0
1248,TAPI U/S SURAT KATHORE,GUJARAT,23.0,31.0,5.2,7.8,7.2,8.3,366.0,580.0,0.7,1.6,0.0,0.2,2.0,5420.0,2,5420.0
1982,"TAPI AT RANDER BRIDGE, SURAT",GUJARAT,24.0,31.0,4.8,7.6,7.5,8.3,411.0,544.0,0.9,1.6,0.0,0.4,26.0,426.0,212,426.0
1983,TAPI NEAR BARDOLI (KAPP BRIDGE) BARDOLI,GUJARAT,25.0,31.0,5.6,8.0,7.6,8.4,192.0,403.0,0.5,1.2,0.0,0.1,2.0,278.0,9,348.0
2071,"TAPI AT ONGC BRIDGE AT SURAT, DIST. SURAT",GUJARAT,24.0,30.0,2.6,4.3,7.2,7.8,756.0,40650.0,1.6,8.0,0.0,0.9,5.0,426.0,26,542.0
1252,GIRNA AT JALGAON,MAHARASHTRA,20.0,22.0,4.4,6.7,7.2,8.0,282.0,548.0,3.6,9.0,0.0,0.0,2.0,2.0,110,220.0
1253,GIRNA AT MALEGAON (MANMAD),MAHARASHTRA,20.0,26.0,4.2,7.0,7.0,8.1,260.0,511.0,2.4,6.6,0.0,0.0,2.0,2.0,110,220.0
1907,RANGAVALI D/S OF NAVAPUR,MAHARASHTRA,20.0,21.0,6.8,7.0,7.2,7.9,340.0,579.0,2.6,5.0,0.0,0.0,4.0,4.0,210,240.0
2070,"KIM AT SAHOL BRIDGE, OLPAD HANSOT ROAD, DIST",GUJARAT,27.0,31.0,4.0,8.0,7.5,8.1,502.0,8400.0,0.8,2.9,0.0,1.0,2.0,542.0,6,542.0
2115,TAPTI AT NEPA NAGAR 100 METRE D/S AFTER MIXING PANDHAR NALLA,MADHYA PRADESH,19.0,30.0,6.5,7.5,7.7,8.7,272.0,682.0,1.2,1.8,0.6,3.4,,,50,300.0
2127,"DENWA NEAR SARNI, ROAD BRIDGE",MADHYA PRADESH,,,6.4,7.9,8.0,8.5,208.0,590.0,1.3,2.2,0.0,1.1,4.0,7.0,90,150.0
2155,"PURNA  A/C OF MORNA, NANDURA VILLAGE",MAHARASHTRA,25.0,28.0,5.5,7.4,7.0,8.9,202.0,1659.0,4.5,10.0,0.1,8.6,49.0,1600.0,130,1600.0
2652,"AMRAVATI D/S OF DONDAICHA, DHULE",MAHARASHTRA,22.0,22.0,7.0,7.0,7.4,7.4,560.0,560.0,4.0,4.0,0.0,0.0,4.0,4.0,280,280.0
2658,"BORI D/S OF AMALNER, JALGAON",MAHARASHTRA,23.0,24.0,2.9,6.9,7.1,7.6,360.0,651.0,2.6,9.2,0.0,0.0,2.0,4.0,170,280.0
2659,"BURAI B/C TO TAPI MUKUDAS, DHULE",MAHARASHTRA,23.0,23.0,7.1,7.1,7.4,7.4,552.0,552.0,3.0,3.0,0.0,0.0,,,220,220.0
2666,"GOMAI  D/S OF SHAHADA, DHULE",MAHARASHTRA,22.0,22.0,6.8,6.8,7.2,7.2,514.0,514.0,4.0,4.0,0.0,0.0,2.0,2.0,280,280.0
2667,"HIWARA  D/S OF PACHORA, JALGAON",MAHARASHTRA,21.0,24.0,3.6,7.0,7.3,7.8,270.0,550.0,3.0,8.6,0.0,0.0,2.0,2.0,170,280.0
2674,"MOR NEAR PADALSHE, JALGAON",MAHARASHTRA,22.0,23.0,5.2,6.8,7.4,7.8,260.0,580.0,4.0,8.2,0.0,0.0,2.0,2.0,130,170.0
2675,"MORNA D/S RAILWAY BRIDGE, AKOLA",MAHARASHTRA,22.0,28.0,2.2,7.6,6.9,8.9,208.0,3002.0,3.4,18.0,0.1,11.0,23.0,1600.0,46,1600.0
2684,"PANZARA  NEAR PANZARAKAN SSK LTD, PANZARA, DHULE",MAHARASHTRA,20.0,20.0,5.3,6.9,7.0,7.8,323.0,644.0,3.0,6.0,0.0,0.1,2.0,4.0,170,350.0
2695,"PEDHI  NEAR ROAD BRIDGE AT DADHI-PEDHI VILLAGE, BHATKULI, AMRAVATI",MAHARASHTRA,20.0,41.0,2.6,7.0,7.3,8.8,178.0,1707.0,3.5,15.0,0.0,11.0,94.0,900.0,220,1600.0
2710,"TITUR  D/S OF CHALISGAON, JALGAON",MAHARASHTRA,22.0,24.0,5.4,6.7,7.6,7.8,255.0,710.0,4.0,5.6,0.0,0.0,2.0,4.0,170,240.0
2718,WAGHUR B/C  SAKEGAON WITH TAPI  JALGAON,MAHARASHTRA,21.0,22.0,4.9,7.0,7.1,7.5,286.0,534.0,3.0,7.4,0.0,0.0,2.0,2.0,110,240.0
3203,"AMRAVATI AT VILLAGE DADHAL , TA ANKLESHWAR, BHARUC",GUJARAT,26.0,32.0,4.1,8.8,7.3,8.4,399.0,1010.0,0.9,6.0,0.2,0.5,33.0,260.0,110,3300.0
1851,MAHANADI AT SIHAWA,CHHATTISGARH,24.0,28.0,6.2,6.8,7.5,7.7,248.0,411.0,2.2,2.6,1.0,1.2,,,110.0,350.0
1264,MAHANADI  U/S RUDRI DHAMTORI RESERVOIR,CHHATTISGARH,24.0,28.0,7.2,7.4,7.7,7.9,286.0,434.0,2.2,2.3,1.1,2.4,,,110.0,500.0
1099,MAHANADI U/S OF RAJIM,CHHATTISGARH,24.0,32.0,6.1,7.7,5.6,7.6,268.0,512.0,1.8,2.8,1.1,2.1,,,110.0,350.0
1852,"MAHANADI AT ARRANG, RAIPUR",CHHATTISGARH,25.0,28.0,7.2,7.7,7.4,7.9,322.0,516.0,1.9,2.8,1.2,2.4,,,110.0,300.0
1100,MAHANADI AT KHARAD,CHHATTISGARH,21.0,36.0,5.5,7.9,7.4,8.5,196.0,516.0,1.1,1.3,1.2,2.8,,,540.0,540.0
1282,MAHANADI AT SHEORINARAYAN VILLAGE,CHHATTISGARH,29.0,36.0,6.0,7.0,7.5,9.0,218.0,380.0,,,1.3,2.5,,,920.0,920.0
1467,MAHANADI A/C WITH MAND,CHHATTISGARH,21.0,36.0,6.0,7.6,7.3,10.0,204.0,344.0,1.2,1.4,1.2,2.1,,,350.0,540.0
1101,MAHANADI AT INTERSTATE BOUNDRY,CHHATTISGARH,19.0,28.0,6.8,7.4,7.2,7.5,180.0,212.0,0.3,2.6,0.1,1.2,,,21.0,460.0
3165,"HASDEO  100 METER D/S A/C OF DENGUR NALLAH NERA C.S.E.B. EAST GUEST HOUSE, KORBA",CHHATTISGARH,25.0,26.0,4.6,5.8,7.1,7.2,,,2.4,7.0,0.7,0.9,,,,
3168,HASDEO D/S NEAR URGA VILLAGE KORBA,CHHATTISGARH,25.0,26.0,4.2,5.2,7.2,7.2,,,3.0,8.0,0.9,1.1,,,,
1281,MAHANADI AT HIRAKUD RESERVOIR,ODISHA,18.0,35.0,5.3,8.0,7.4,8.3,167.0,1941.0,0.5,1.3,0.2,2.1,130.0,3500.0,220.0,9200.0
1270,MAHANADI U/S SAMBALPUR,ODISHA,17.0,36.0,5.6,9.3,7.5,8.3,159.0,250.0,0.5,1.7,0.3,1.4,110.0,160000.0,490.0,160000.0
1271,MAHANADI D/S SAMBALPUR,ODISHA,20.0,38.0,4.4,8.7,7.4,8.4,176.0,1236.0,1.6,3.6,0.4,3.2,4900.0,160000.0,11000.0,160000.0
2405,SAMBHALPUR FDS AT HUMA,ODISHA,22.0,39.0,6.3,9.7,7.4,8.4,164.0,219.7,0.4,1.6,0.1,1.6,490.0,54000.0,1300.0,54000.0
1272,MAHANADI D/S (A/C WITH R. ONG SONEPUR U/S),ODISHA,23.0,41.0,6.6,9.1,7.5,8.5,176.0,219.0,0.3,1.3,0.0,2.5,78.0,2200.0,230.0,5400.0
1274,MAHANADI A/C WITH R.TEL (SONEPUR D/S),ODISHA,23.0,42.0,6.2,10.3,7.5,8.4,173.0,282.6,0.7,2.0,0.5,5.2,130.0,4900.0,700.0,11000.0
1275,MAHANADI AT TIKARPADA,ODISHA,17.0,44.0,6.0,10.3,7.5,8.4,181.0,238.1,0.4,1.6,0.1,3.5,13.0,7900.0,23.0,11000.0
1276,MAHANADI AT NARSINGHPUR,ODISHA,23.0,42.0,6.6,8.7,7.3,8.4,131.0,489.0,0.4,1.4,0.2,1.8,490.0,3500.0,1300.0,4900.0
1277,MAHANADI U/S CUTTACK,ODISHA,23.0,40.0,6.3,9.1,7.2,8.5,157.0,203.0,0.5,1.9,0.1,2.3,170.0,1700.0,490.0,5400.0
1278,MAHANADI D/S  CUTTACK,ODISHA,22.0,41.0,6.0,8.9,7.4,8.5,140.0,254.5,1.4,2.5,0.4,2.7,1300.0,160000.0,2300.0,160000.0
2406,"MAHANADI, MUNDALI(WATER INTAKE POINT OF BHUBANESWAR CITY",ODISHA,22.0,38.0,6.1,8.9,7.5,8.4,136.0,284.0,0.5,1.5,0.1,1.4,170.0,11000.0,790.0,17000.0
2404,"MAHANADI, POWER CHANNEL D/S NEAR BURLA",ODISHA,17.0,34.0,4.9,7.7,7.6,8.3,156.0,231.1,0.5,1.8,0.4,1.4,490.0,5400.0,1100.0,9200.0
2407,"MAHANADI, PARADEEP U/S (BEFORE INDUSTRIAL ACTIVITY AT PARADEEP)",ODISHA,23.0,35.0,6.0,8.1,7.3,8.3,146.0,29050.0,0.4,1.9,0.1,2.3,170.0,24000.0,460.0,35000.0
1639,MAHANADI D/S PARADEEP,ODISHA,24.0,34.0,5.6,7.1,7.4,8.2,187.0,42170.0,0.8,2.1,0.4,3.0,20.0,22000.0,20.0,35000.0
1640,BIRUPA AT CHOUDWAR,ODISHA,23.0,33.0,3.8,9.6,7.0,8.4,176.0,255.0,0.5,1.8,0.1,1.8,330.0,24000.0,790.0,35000.0
2411,"MAHANADI, BHUBANESWAR FD/S ( 2 KM A/C OF GANGUA NALLAH WITH  DAYA)",ODISHA,25.0,40.0,3.2,7.7,6.6,8.4,216.0,389.0,2.0,5.5,0.7,9.4,22000.0,160000.0,35000.0,160000.0
1105,HASDEO U/S KORBA,CHHATTISGARH,25.0,27.0,5.4,7.2,7.1,7.2,,,0.6,3.8,0.3,0.6,,,,
1106,HASDEO U/S OF CHAMPA,CHHATTISGARH,21.0,37.0,6.2,8.2,7.5,8.5,133.0,288.0,1.2,1.2,0.7,1.7,,,350.0,540.0
3169,"HASDEO, DRINKING WATER INTAKE WELL OF MUNICIPAL CO. KORBA (BEFORE TREATMENT) AT KOHADIA VILLAGE",CHHATTISGARH,26.0,26.0,5.2,6.6,7.1,7.2,,,1.4,3.6,0.5,0.7,,,,
3170,"HASDEO, DRINKING WATER INTAKE WELL OF MUNICIPAL CO. KORBA (AFTER TREATMENT) AT KOHADIA VILLAGE",CHHATTISGARH,26.0,26.0,6.4,6.8,7.2,7.2,,,0.4,0.8,0.2,0.5,,,,
1267,IB AT SUNDARGARH,ODISHA,20.0,44.0,6.1,9.3,7.5,8.3,82.0,171.0,0.3,1.8,0.2,5.5,130.0,3500.0,460.0,5400.0
1268,IB AT JHARSUGUDA (INTAKE),ODISHA,20.0,43.0,6.5,9.4,7.4,8.4,99.0,181.0,0.3,1.5,0.2,5.4,330.0,7900.0,1700.0,13000.0
1269,IB D/SBRAJRAJNAGAR (INTAKE),ODISHA,20.0,42.0,6.2,9.3,7.2,8.4,103.0,181.0,0.7,1.8,0.1,3.0,330.0,7000.0,790.0,11000.0
1300,IB  U/S RAJ NAGAR,ODISHA,20.0,43.0,6.4,9.7,7.2,8.3,100.0,188.0,0.1,1.6,0.2,2.8,130.0,3300.0,330.0,4900.0
2403,BHEDEN  B/C WITH IB,ODISHA,18.0,42.0,6.3,9.0,7.5,8.4,127.0,338.0,0.1,1.8,0.1,1.8,460.0,5400.0,790.0,9200.0
1301,KATHAJODI D/S CUTTACK,ODISHA,22.0,37.0,4.5,8.9,6.7,8.4,162.0,361.0,1.7,5.8,0.2,11.0,4900.0,160000.0,7000.0,160000.0
1265,KHAROON U/S RAIPUR,CHHATTISGARH,26.0,28.0,7.4,7.6,7.5,7.8,242.0,556.0,2.0,2.4,0.6,2.2,,,170.0,300.0
1846,KHAROON RIVER A/C KHAPRI DRAIN,CHHATTISGARH,,,7.0,7.8,7.3,7.6,,,1.6,2.0,0.3,0.6,,,210.0,2400.0
1847,"KHAROON  B/C KHAPRI DRAIN, DURG, RAIPUR ROAD BRIDGE",CHHATTISGARH,,,6.2,7.8,7.2,7.6,,,1.6,7.2,0.1,0.6,,,210.0,2400.0
1853,"KHAROON  BUNDRI, RAIPUR",CHHATTISGARH,24.0,27.0,6.2,7.4,7.2,7.8,286.0,616.0,2.3,2.6,1.1,2.2,,,220.0,300.0
1279,KUAKHAI U/S BHUBANESWAR,ODISHA,24.0,41.0,5.7,9.0,6.4,8.4,152.0,251.0,0.7,1.8,0.2,1.3,4900.0,54000.0,7000.0,54000.0
1280,KUAKHAI D/S BHUBANESWAR,ODISHA,25.0,40.0,3.1,7.8,6.6,8.1,199.0,409.0,2.4,6.7,1.6,12.0,22000.0,160000.0,54000.0,160000.0
2410,"KUAKHAI, FU/S BHUBANESWAR",ODISHA,24.0,41.0,7.2,9.8,7.0,8.4,139.0,220.0,0.4,1.5,0.1,0.8,790.0,9200.0,1300.0,17000.0
1848,ARPA  D/S OF BILASPUR,CHHATTISGARH,27.0,27.0,7.3,7.3,8.0,8.0,260.0,260.0,,,3.1,3.1,,,,
1849,KELO U/S OF RAIGARH,CHHATTISGARH,19.0,28.0,6.7,7.3,7.2,7.5,187.0,213.0,0.5,3.0,0.8,1.2,,,43.0,460.0
1850,KELO  D/S OF RAIGARH,CHHATTISGARH,19.0,28.0,6.5,7.3,7.3,7.7,190.0,221.0,1.1,3.8,0.8,1.2,,,75.0,460.0
1107,SEONATH U/S RAJNANDGAON,CHHATTISGARH,32.0,32.0,6.8,7.6,7.4,7.6,,,1.4,2.0,0.3,0.5,,,150.0,2400.0
1266,"SEONATH AT SHIMGA A/C. WITH
R. KHAROON",CHHATTISGARH,26.0,29.0,7.4,7.8,7.5,7.8,294.0,511.0,2.2,2.8,1.2,2.4,,,110.0,300.0
1845,"SEONATH  WATER SUPPLY WELL, DURG",CHHATTISGARH,,,6.4,7.4,7.4,7.6,,,1.2,2.0,0.3,0.8,,,110.0,2400.0
3166,"SHEONATH AT JHINGHRI VILLAGE, A/C OF SAMODA NALLA",CHHATTISGARH,,,4.2,8.0,7.3,7.9,,,1.8,8.4,0.4,0.35,,,210.0,2400.0
3167,"SHEONATH AT RAJNANDGAON, D/S AT MOHAD, RAJNANDGAON",CHHATTISGARH,23.0,32.0,6.7,7.6,7.3,7.6,,,1.4,2.2,0.3,0.6,,,150.0,2400.0
2409,"SERUA, FDS CUTTACK, SANKHATRASA",ODISHA,22.0,36.0,4.9,9.0,6.9,8.4,152.0,395.0,1.4,4.8,0.6,9.0,2300.0,160000.0,4900.0,160000.0
2408,TEL AT MANAMUNDA,ODISHA,22.0,42.0,6.4,9.7,7.6,8.4,121.0,227.0,0.3,2.4,0.0,3.9,45.0,5400.0,130.0,5400.0
1037,BRAHMANI U/S PANPOSH,ODISHA,13.0,37.0,5.8,9.0,7.1,8.3,94.1,271.0,0.6,8.0,0.2,2.8,35,54000.0,790,92000.0
1038,BRAHMANI  D/S PANPOSH,ODISHA,17.0,38.0,4.2,8.2,6.5,7.9,151.0,363.0,2.3,5.8,0.1,29.0,11000,160000.0,22000,160000.0
1302,BRAHMANI D/S ROURKELA,ODISHA,18.0,39.0,4.4,8.3,6.7,7.9,133.0,286.0,2.0,5.4,0.2,14.0,7900,160000.0,13000,160000.0
2414,"BRAHMANI, FDS ROURKELA AT
BIRITOLA",ODISHA,18.0,44.0,6.3,9.7,7.1,8.3,112.0,319.0,0.5,2.5,0.2,4.3,68,13000.0,170,17000.0
1039,BRAHMANI AT BONAIGARH,ODISHA,20.0,44.0,6.2,9.9,7.1,8.1,93.2,281.7,0.5,1.8,0.2,3.8,230,13000.0,20,17000.0
1040,BRAHMANI AT RENGALI,ODISHA,22.0,42.0,6.3,8.7,7.2,8.2,88.0,169.3,0.3,1.8,0.2,1.3,45,5400.0,170,9200.0
1041,BRAHMANI AT SAMAL,ODISHA,22.0,41.0,5.8,9.7,7.2,9.0,103.0,205.0,0.4,1.4,0.3,10.0,78,3500.0,230,9200.0
1303,BRAHMANI U/S  TALCHER,ODISHA,22.0,42.0,6.3,9.1,7.7,8.3,115.0,163.0,0.5,1.8,0.2,3.1,130,7900.0,490,17000.0
2415,"TALCHER FU/S (INTAKE WELL OF MCL, TALCHER)",ODISHA,22.0,42.0,6.2,9.7,7.6,8.3,117.0,198.0,0.3,1.7,0.2,3.0,78,4900.0,170,7900.0
2416,BRAHMANI FD/S TALCHER,ODISHA,21.0,40.0,4.0,8.2,7.3,8.4,151.0,240.0,0.6,1.7,0.2,5.5,330,7900.0,1300,13000.0
1042,"BRAHMANI AT KAMALANGA, ORISSA",ODISHA,21.0,42.0,5.6,8.6,7.6,8.4,133.0,358.0,0.7,2.5,0.3,3.6,330,17000.0,2400,22000.0
2417,"DHENKANAL D/S, DHENKANAL TOWN",ODISHA,19.0,43.0,6.3,9.5,7.7,8.4,141.0,285.0,0.8,2.3,0.2,3.8,1300,54000.0,2300,92000.0
1043,BRAHMANI AT BHUBAN,ODISHA,20.0,40.0,5.8,9.8,6.7,8.4,111.0,267.0,0.5,1.6,0.1,3.6,130,17000.0,330,22000.0
2418,KABATABANDHA (BEFORE IMPACT OF INDUSTRIAL ACTIVITY IN KALINGANAGAR AREA),ODISHA,20.0,41.0,6.2,9.2,6.9,8.5,138.0,3170.0,0.6,1.8,0.1,4.7,130,13000.0,330,22000.0
1044,BRAHMANIU/S DHARMASHALA,ODISHA,24.0,37.0,6.2,9.7,7.6,8.5,130.0,237.3,0.6,1.7,0.2,1.5,78,7000.0,230,9400.0
1045,BRAHMANI AT PATTAMUNDAI,ODISHA,26.0,41.0,6.0,10.3,7.6,8.4,147.0,264.0,0.2,2.9,0.2,2.7,490,24000.0,790,35000.0
1035,KARO U/S  LOHOJIMI,JHARKHAND,18.0,35.0,8.1,8.5,7.2,7.4,,,2.3,2.5,0.0,0.0,200.0,230.0,1200.0,1500.0
2419,KHANDITARA (D/S OF INDUSTRIAL ACTIVITIES AT KALINGA NAGAR),ODISHA,25.0,37.0,5.7,8.4,7.1,8.4,129.0,193.5,0.4,1.6,0.1,2.3,330.0,3300.0,490.0,7900.0
2420,KHARSROTA AT AUL,ODISHA,23.0,41.0,5.9,9.7,7.1,8.3,133.0,337.0,0.4,1.3,0.3,2.8,790.0,92000.0,2200.0,92000.0
1033,"KOEL AT BASIA,DAM U/S,JHARKHAND",JHARKHAND,18.0,32.0,8.0,8.6,6.8,7.5,,,2.3,2.6,0.0,0.0,150.0,230.0,930.0,1200.0
1036,"KOEL AT MANOHARPUR AFTER MEETING KOINA RIVER D/S,J",JHARKHAND,25.0,40.0,6.8,8.4,7.4,7.9,254.0,392.0,0.2,0.8,0.0,3.6,,,,
2376,NORTH KOEL U/S DALTANGANJ,JHARKHAND,18.0,38.0,7.4,8.6,7.3,7.5,,,2.5,2.8,0.0,0.0,150.0,200.0,930.0,1200.0
2377,"NORTH KOEL D/S BCCL, REHLA",JHARKHAND,19.0,37.0,7.1,8.6,7.2,7.5,,,2.6,2.9,0.0,0.0,230.0,230.0,1200.0,1500.0
2413,KOEL U/S (A/C OF KARO),ODISHA,12.0,39.0,5.8,8.3,7.2,8.2,122.0,267.0,0.5,2.9,0.1,4.6,330.0,24000.0,790.0,35000.0
1034,SANKH AT BOLBA,JHARKHAND,19.0,36.0,8.3,8.6,7.2,7.5,,,2.1,2.4,0.0,0.0,110.0,200.0,750.0,1200.0
1081,BAITARNI AT JODA,ODISHA,18.0,38.0,5.6,8.5,7.1,8.3,103.0,183.0,0.3,2.0,0.1,5.0,330,5400.0,790,16000.0
1082,BAITARNI AT ANANDPUR,ODISHA,13.0,38.0,6.2,8.6,7.5,8.4,127.0,300.0,0.3,1.5,0.2,5.6,490,24000.0,1300,35000.0
1083,BAITARNI AT JAJPUR,ODISHA,23.0,37.0,5.4,8.8,7.4,8.3,126.0,230.0,0.8,2.5,0.1,1.9,1400,17000.0,2100,24000.0
1084,"BAITARNI AT CHANDBALI,",ODISHA,23.0,40.0,5.0,7.8,7.2,8.3,155.0,39160.0,0.5,1.7,0.5,3.4,3300,24000.0,1600,35000.0
1085,BAITARNI AT DHAMRA,ODISHA,23.0,33.0,5.0,6.5,7.1,8.2,1698.0,50910.0,0.8,2.7,0.3,3.3,45,16000.0,230,160000.0
2421,KUSEI BEFORE JOINING WITH BAITARANI RIVER AT ANANDPUR,ODISHA,13.0,34.0,6.1,9.5,7.8,8.4,161.0,326.0,0.3,1.4,0.1,1.5,490,24000.0,1300,35000.0
1641,SUBARNAREKHA AT RAJGHAT NEAR BIHAR BORDER,ODISHA,21.0,34.0,5.6,8.8,7.8,8.5,123.0,363.0,0.6,1.9,0.1,1.1,330.0,4900.0,490.0,7900.0
2399,SUBARNAREKHA AT CHANDIL DAM,JHARKHAND,19.0,30.0,6.8,8.8,7.2,7.7,170.0,232.0,0.2,0.4,0.0,2.4,,,,
48,SUBARNAREKHA AT CHANDIL BRIDGE,JHARKHAND,24.0,35.0,6.7,8.2,7.4,8.4,174.0,248.0,2.0,2.6,0.0,0.4,,,,
24,SUBARNAREKHA AT JAMSHEDPUR,JHARKHAND,22.0,38.0,5.4,7.2,6.5,7.8,262.0,411.0,1.8,3.8,0.0,6.8,,,,
49,"SUBARNAREKHA AT D/S JAMSHEDPUR,(TATA NAGAR),JHARKA",JHARKHAND,26.0,32.0,3.7,6.5,7.4,8.2,270.0,394.0,0.8,1.4,0.9,1.8,,,,
2387,SUBAREKHA AT GHATISLA ROAD BRIDGE,JHARKHAND,20.0,36.0,7.0,8.2,7.2,7.7,202.0,319.0,0.2,0.4,0.9,2.8,,,,
23,"SUBARNAREKHA AT RANCHI,(TATISILWAI)
JHARKHAND",JHARKHAND,15.0,33.0,4.9,7.8,6.6,7.5,,,1.3,3.4,0.0,0.0,200.0,230.0,1200.0,1500.0
2385,SUBARNAREKHA AT NAMKUM ROAD BRIDGE,JHARKHAND,17.0,33.0,5.3,6.9,6.4,7.5,,,3.1,3.4,0.0,0.0,150.0,230.0,930.0,1200.0
2386,SUBARNAREKHA AT MURI ROAD BRIDGE,JHARKHAND,15.0,35.0,7.2,8.3,7.4,7.7,,,2.4,2.8,0.0,0.0,200.0,230.0,1200.0,1500.0
2395,SUBARNAREKHA AT HATIA DAM,JHARKHAND,17.0,32.0,8.2,8.5,7.3,7.9,,,2.1,3.0,0.0,0.0,150.0,230.0,930.0,1500.0
2397,SUBARNAREKHA AT GATALSUD DAM,JHARKHAND,15.0,30.0,8.1,8.6,7.3,7.5,,,2.5,2.9,0.0,0.0,200.0,230.0,1200.0,1500.0
2396,JUMAR AT KANKE DAM,JHARKHAND,17.0,32.0,5.9,7.2,6.5,7.6,,,2.9,3.3,0.0,0.0,200.0,230.0,1200.0,1500.0
1312,"GODAVARI AT JAYAKWADI DAM, AURNAGABAD, MAHARASHTRA",MAHARASHTRA,20.0,24.0,6.1,7.8,7.2,9.0,274.0,980.0,2.0,6.0,0.0,0.6,2,6.0,130,240.0
2177,GODAVARI RIVER NEAR SOMESHWAR TEMPLE,MAHARASHTRA,20.0,34.0,5.4,7.0,7.2,8.2,238.0,988.0,2.0,12.0,0.0,1.4,2,4.0,90,240.0
2182,GODAVARI RIVER AT SAIKHEDA,MAHARASHTRA,20.0,35.0,5.1,7.1,7.2,8.1,150.0,522.0,2.0,5.6,0.0,3.1,2,10.0,80,280.0
2179,"GODAVARI RIVER AT HANUMAN GHAT, NASHIK CITY",MAHARASHTRA,20.0,32.0,4.7,7.5,7.2,8.1,262.0,709.0,2.0,16.0,0.0,1.8,2,8.2,40,280.0
2183,GODAVARI RIVER AT NANDUR- MADMESHWAR DAM.,MAHARASHTRA,20.0,34.0,5.8,7.6,7.1,8.2,139.0,587.0,2.4,5.0,0.0,3.9,2,4.0,60,220.0
2181,"GODAVARI RIVER AT KAPILA- GODAVARI CONFLUENCE POINT, TAPOVAN",MAHARASHTRA,20.0,34.0,4.2,6.8,7.3,8.2,251.0,749.0,3.0,8.0,0.0,2.0,2,10.0,80,350.0
2180,GODAVARI RIVER NEAR TAPOVAN.,MAHARASHTRA,20.0,34.0,5.2,7.0,7.3,8.4,259.0,739.0,3.0,7.0,0.0,1.5,2,9.2,40,280.0
1096,"GODAVARI AT PANCHAVATI AT RAMKUND, MAHARASHTRA",MAHARASHTRA,20.0,33.0,5.2,7.1,7.1,8.2,149.0,1045.0,2.0,10.0,0.0,1.6,2,12.0,70,350.0
1211,"GODAVARI AT NASIK D/S, MAHARASHTRA",MAHARASHTRA,20.0,33.0,4.0,7.0,7.4,8.0,278.0,806.0,2.6,12.0,0.0,1.1,2,17.0,40,500.0
1095,"GODAVARI AT U/S OF GANGAPUR DAM, NASIK, MAHARASHTRA",MAHARASHTRA,20.0,34.0,5.4,7.1,7.1,7.9,147.0,841.0,2.0,8.0,0.0,2.7,2,9.3,40,170.0
2160,"GODAVARI RIVER AT U/S OF AURANGABAD RESERVOIR, KAIGAON TOKKA NEAR KAIGAON
BRIDGE",MAHARASHTRA,20.0,23.0,6.8,7.4,7.6,8.7,299.0,1084.0,2.0,5.0,0.1,0.3,2,6.0,110,240.0
2158,GODAVARI RIVER AT U/S OF PAITHAN AT PAITHAN INTAKE PUMP HOUSE AT JAYAKWADI,MAHARASHTRA,20.0,24.0,6.6,7.6,7.7,8.8,301.0,1709.0,3.0,5.0,0.0,0.8,2,4.0,110,170.0
2159,GODAVARI RIVER AT D/S OF PAITHAN AT PATHEGAON BRIDGE,MAHARASHTRA,20.0,23.0,6.7,7.4,7.7,9.0,294.0,2404.0,2.0,6.0,0.0,0.4,2,6.0,110,240.0
2161,"GODAVARI  AT JALNA INTAKE WATER PUMP HOUSE, SHAHABAD",MAHARASHTRA,23.0,33.0,5.8,7.2,7.5,8.4,141.0,1196.0,3.0,8.0,0.0,0.8,2,6.0,130,240.0
12,GODAVARI AT DHALEGAON,,16.0,25.0,6.9,7.2,7.4,8.3,263.0,1532.0,2.0,4.0,0.0,0.4,2,4.0,110,220.0
1210,GODAVARI AT NANDED,MAHARASHTRA,20.0,28.0,6.2,7.6,7.3,8.6,289.0,1186.0,2.0,7.0,0.0,1.5,2,6.0,110,240.0
1209,GODAVARI AT RAHER,MAHARASHTRA,22.0,30.0,5.8,7.5,7.6,8.5,282.0,1194.0,2.0,7.0,0.0,1.2,2,6.0,130,240.0
2157,"GODAVARI  AT LATUR WATER INTAKE NEAR PUMP HOUSE AT
DHAMEGAON",MAHARASHTRA,20.0,26.0,6.2,7.8,7.9,8.3,309.0,446.0,3.0,7.0,0.0,0.6,2,6.0,130,240.0
2360,"GODAVARI AT BASARA, ADILABAD",TELANGANA,20.0,26.0,6.1,8.2,7.2,8.5,340.0,601.0,2.0,3.0,1.2,6.1,5,32.0,90,198.0
2361,"GODAVARI AT MANCHERIAL, NEAR RLY BDG B/C OF
RALLAVAGU",TELANGANA,22.0,27.0,4.5,6.0,7.0,8.6,275.0,488.0,2.0,5.0,0.0,2.6,50,90.0,300,600.0
2362,"GODAVARI D/S RAMAGUNDAM, NEAR FCI INTAKE WELL,
KARIMNAGAR",TELANGANA,18.0,29.0,4.0,5.9,7.6,8.7,288.0,589.0,3.0,7.0,0.0,3.5,90,120.0,395,450.0
2366,"GODAVARI D/S  KAMALPUR AT M/S RAYONS LTD. DISCHARGE
POINT, WARANGAL",TELANGANA,19.0,27.0,5.2,6.2,7.1,8.6,230.0,695.0,2.0,3.0,0.0,1.0,81,130.0,180,340.0
2363,"GODAVARI AT GODAVARIKHANI, NEAR BATHING GHAT, KARIMNAGAR",TELANGANA,26.0,29.0,4.1,5.8,7.1,8.8,410.0,788.0,4.0,6.0,0.0,6.0,110,158.0,620,800.0
2364,"GODAVARI U/S RAMAGUNDAM, KARIMNAGAR",TELANGANA,25.0,27.0,4.3,7.2,7.5,8.8,289.0,466.0,2.8,6.0,0.0,2.8,88,110.0,389,470.0
2356,"GODAVARI, D/S OF RAMANUGUNDAM",TELANGANA,26.0,28.0,4.5,5.8,7.5,8.7,357.0,656.0,3.0,21.4,0.0,3.7,78,150.0,352,800.0
2365,"GODAVARI U/S KAMALPUR M/S AP RAYONS LTD. INTAKE WELL, WARANGAL",TELANGANA,18.0,26.0,5.5,6.8,6.8,8.5,210.0,487.0,1.0,4.0,0.0,0.9,78,125.0,150,370.0
13,GODAVARI AT MANCHERIAL,TELANGANA,25.0,28.0,4.8,6.0,7.3,8.6,290.0,465.0,2.0,4.0,0.0,6.1,60,120.0,350,450.0
2367,"GODAVARI U/S AT BHADRACHALAM BATHING
GHAT, KHAMMAM",TELANGANA,18.0,27.0,4.9,6.5,7.3,8.5,217.0,420.0,2.0,7.0,0.0,12.0,30,80.0,180,320.0
2368,"GODAVARI D/S BHADRACHALAM BATHING GHAT, KHAMMAM",TELANGANA,18.0,28.0,4.0,6.9,7.2,8.1,224.0,636.0,2.0,8.0,0.0,2.2,32,75.0,288,340.0
2369,"GODAVARI AT BURGAMPAHAD, KHAMMAM",TELANGANA,17.0,27.0,3.7,6.9,7.3,8.1,277.0,824.0,3.0,9.0,0.0,15.0,41,85.0,289,370.0
3080,"KARAKAVAGU U/S OF AT PALONCHA, KHAMMAM",TELANGANA,18.0,28.0,4.9,6.6,7.1,8.5,200.0,615.0,2.0,3.0,0.0,16.0,10,46.0,30,470.0
3081,"KARAKAVAGU D/S OF AT PALONCHA, KHAMMAM",TELANGANA,18.0,26.0,4.6,6.4,7.2,8.6,431.0,660.0,2.0,18.0,0.0,15.0,15,40.0,45,185.0
14,GODAVARI AT POLAVARAM,ANDHRA PRADESH,25.0,28.0,5.6,6.4,6.6,7.8,150.0,375.0,1.2,2.8,0.4,1.1,3,45.0,9,2400.0
1218,GODAVARI U/S  RAJAHMUNDRY,ANDHRA PRADESH,25.0,28.0,5.6,6.6,6.7,7.9,179.0,398.0,1.2,3.1,0.5,1.9,3,49.0,7,3200.0
2371,GODAVARI D/S  RAJAMUNDRY OF NALLA CHANNEL,ANDHRA PRADESH,25.0,32.0,5.8,6.4,5.7,7.5,217.0,363.0,1.5,3.0,0.6,2.5,9,28.0,28,1100.0
1219,GODAVARI D/S  RAJAHMUNDRY,ANDHRA PRADESH,25.0,31.0,5.9,7.0,5.9,7.6,217.0,302.0,1.2,2.8,0.3,1.8,9,23.0,93,460.0
2370,GODAVARI U/S  RAJAMUNDRY OF NALLA CHANNEL,ANDHRA PRADESH,24.0,31.0,5.2,6.5,5.8,7.7,223.0,381.0,1.0,3.4,0.8,2.8,4,23.0,39,460.0
1854,"INDRAVATI  A/C DANTEWADA NELSONNAR, DANTEWADA",CHHATTISGARH,18.0,27.0,7.6,7.8,7.6,7.9,,,1.0,1.6,0.0,0.0,,,,
1856,SHANKNI A/C DANKANI DANTEWADA,CHHATTISGARH,18.0,27.0,7.3,7.9,7.5,7.8,,,1.0,2.4,0.0,0.0,,,,
2373,"SABARI AT KUNAVARAM, KHAMMAM",TELANGANA,19.0,30.0,5.4,7.0,7.2,8.1,82.0,203.0,0.0,1.0,0.0,0.7,8.0,30.0,25.0,70.0
2374,MANJEERA AT GOWDICHARLA B/C WITH NAKKAVAGU,TELANGANA,26.0,29.0,5.2,8.6,7.4,8.3,522.0,1823.0,2.0,26.0,1.0,59.0,21.0,31.0,50.0,125.0
2375,MANJEERA AT GOWDICHARLA A/C WITH NAKKAVAGU,TELANGANA,26.0,29.0,5.5,8.3,7.4,7.9,1120.0,2031.0,2.6,10.0,1.8,11.0,25.0,50.0,25.0,260.0
1781,"MANJEERA  NEAR GANAPATHI SUGARS , DIST MEDAK",TELANGANA,25.0,29.0,6.2,8.6,7.5,8.4,466.0,624.0,2.0,3.0,1.0,6.0,8.0,30.0,78.0,100.0
1157,MANJERA AT RAIPALLU,TELANGANA,26.0,29.0,6.5,8.0,7.8,8.5,283.0,356.0,2.4,3.0,0.6,8.0,2.0,5.0,20.0,200.0
2657,"BINDUSARA  AT BEED NEAR INTAKE WATER PUMP HOUSE AT DAM, PALIGAON, BEED",MAHARASHTRA,25.0,32.0,6.9,7.1,8.2,8.4,333.0,549.0,3.0,5.0,0.3,0.4,2.0,4.0,130.0,220.0
1215,MANER U/S WARANGAL,TELANGANA,18.0,26.0,5.5,6.2,7.1,8.2,235.0,422.0,2.0,6.0,0.0,8.3,48.0,90.0,187.0,250.0
1158,MANER AT SOMNAPALLI,TELANGANA,26.0,26.0,5.5,6.0,7.9,8.7,340.0,520.0,2.0,20.0,2.0,4.0,,,40.0,50.0
2719,"WARDHA D/S OF ERAI  HADASTI, CHANDRAPUR",MAHARASHTRA,18.0,41.0,6.0,7.0,7.0,8.7,212.0,1009.0,5.4,9.2,0.0,10.0,,,,
2720,"WARDHA U/S OF ERAI RIVER HADASTI, CHANDRAPUR",MAHARASHTRA,18.0,41.0,6.2,7.8,7.0,8.7,211.0,850.0,3.0,6.4,0.1,11.0,,,,
2721,"WARDHA U/S OF ACC GHUGGUS. , CHANDRAPUR",MAHARASHTRA,16.0,41.0,6.0,7.8,6.6,8.7,247.0,832.0,4.4,6.8,0.2,10.0,,,,
2174,WARDHA D/S OF ACC GHUGGUS,MAHARASHTRA,20.0,41.0,6.0,7.7,6.8,8.7,248.0,1264.0,5.6,10.0,0.0,11.0,,,,
2156,WARDHA AT CONFLUENCE POINT OF PENGANGA & WARDHA AT JUAD,MAHARASHTRA,18.0,40.0,5.6,7.6,7.0,8.6,245.0,944.0,4.0,11.0,0.0,10.0,,,,
1212,WARDHA AT RAJURA BRIDGE,MAHARASHTRA,20.0,41.0,4.5,7.4,7.2,8.8,311.0,1832.0,3.4,12.0,1.8,12.0,,,,
1213,WAINGANGA AT BALAGHAT,MADHYA PRADESH,19.0,24.0,7.0,7.8,7.2,8.8,346.0,1149.0,1.6,2.6,0.0,2.3,,,23.0,240.0
1214,WAINGANGA AT CHINDWARA,MADHYA PRADESH,15.0,30.0,6.9,7.2,7.5,8.0,628.0,916.0,2.1,2.8,1.3,1.9,,,0.0,43.0
1910,WAINGANGA A/C WITH KANHAN,MAHARASHTRA,17.0,40.0,5.2,7.4,6.7,8.0,364.0,1345.0,3.8,10.0,0.3,12.0,13.0,240.0,48.0,1600.0
2173,WAINGANGA U/S OF ELLORA PAPER MILL.,MAHARASHTRA,12.0,45.0,5.6,8.5,6.8,8.8,221.0,606.0,2.5,6.4,0.0,3.6,17.0,170.0,33.0,500.0
2172,WAINGANGA D/S OF ELLORA PAPER MILL.,MAHARASHTRA,12.0,45.0,4.6,7.0,6.8,8.0,234.0,668.0,5.0,13.0,0.0,5.7,22.0,350.0,70.0,900.0
2175,"WAINGANGA U/S OF GAURAV PAPER MILLS, NEAR JACKWELL.",MAHARASHTRA,20.0,41.0,6.1,7.8,7.0,8.7,252.0,1262.0,3.6,6.6,0.0,11.0,,,,
2176,"WAINGANGA D/S OF GAURAV PAPER MILLS, NEAR JACKWELL.",MAHARASHTRA,20.0,41.0,5.4,7.3,7.0,8.7,250.0,1150.0,4.6,9.8,0.0,11.0,,,,
11,WAINGANGA AT ASHTI,MAHARASHTRA,20.0,41.0,6.4,7.7,7.0,8.7,328.0,1021.0,2.0,6.8,0.0,10.0,,,,
3330,"WAINGANGA AT CHHAPARA, NEAR W/S INTAKE POINT, JABALPUR",MADHYA PRADESH,19.0,24.0,7.0,7.7,7.4,8.3,262.0,834.0,1.0,3.2,0.0,1.8,0.0,6.0,15.0,70.0
3331,"WAINGANGA AT CHHAPARA, NEAR ROAD BRIDGE AFTER MIXI",MADHYA PRADESH,19.0,24.0,6.3,7.5,7.4,8.4,282.0,910.0,1.2,3.2,0.0,2.1,10.0,10.0,15.0,84.0
1908,KOLAR B/C TO KANHAN AT KAMPTEE,MAHARASHTRA,25.0,41.0,5.6,8.2,7.0,8.1,274.0,792.0,3.0,9.0,0.3,3.4,23.0,500.0,43.0,900.0
1909,KANHAN D/S OF NAGPUR,MAHARASHTRA,19.0,42.0,4.8,8.4,6.5,8.0,244.0,1352.0,4.9,9.8,0.5,6.5,49.0,280.0,110.0,900.0
2170,"KANHAN U/S OF M/S VIDHARBHA PAPER MILL, SINORA",MAHARASHTRA,25.0,41.0,5.5,8.1,7.0,8.0,255.0,680.0,3.0,9.8,0.4,5.7,11.0,300.0,17.0,900.0
2171,"KANHAN D/S OF M/S VIDHARBHA PAPER MILL, SINORA",MAHARASHTRA,25.0,41.0,5.1,8.1,6.7,8.0,257.0,644.0,3.4,16.0,0.3,6.0,13.0,500.0,26.0,900.0
3312,KANHAN AT CHINDWARA BEFORE MIXING BOREGAON GROWTH,MADHYA PRADESH,16.0,30.0,6.9,7.2,7.4,8.2,400.0,840.0,2.1,3.2,0.0,1.4,0.0,0.0,15.0,64.0
1913,PURNA AT DHUPESHWAR,MAHARASHTRA,23.0,39.0,5.5,8.5,7.0,8.2,239.0,1422.0,3.2,7.8,0.1,8.6,33.0,280.0,110.0,500.0
1315,"NIRA AT PULGAON COTTON MILL, WARDHA",MAHARASHTRA,22.0,43.0,3.1,7.6,6.9,8.1,220.0,1325.0,3.5,14.0,0.0,6.0,33.0,500.0,120.0,930.0
2372,"KINNERASANI A/C OF KTPS ASH POND EFFLUENTS, KHAMMAM",TELANGANA,16.0,26.0,4.0,6.5,7.1,8.6,274.0,498.0,2.0,6.0,0.0,1.9,15.0,40.0,35.0,130.0
2673,"MANJRA D/S OF LATUR NEAR LATUR-NANDED BRIDGE, BHATKHEDA, LATUR",MAHARASHTRA,19.0,22.0,6.9,7.2,7.5,8.3,309.0,972.0,3.0,4.0,0.0,0.4,2.0,4.0,110.0,220.0
2660,"DARNA AT CHEHEDI PUMPING STATION, CHEHEDI, NASHIK",MAHARASHTRA,20.0,33.0,6.2,7.1,7.1,7.7,147.0,974.0,2.0,5.0,0.0,0.1,2.0,6.0,80.0,170.0
2661,"DARNA AT ASWALI (DARNA DAM), LGATPURI, NASHIK",MAHARASHTRA,20.0,33.0,6.2,7.5,7.0,8.0,177.0,711.0,2.0,5.0,0.0,0.1,2.0,6.1,50.0,240.0
2662,"DARNA AT MES SITE PUMPING STATION, BHAGUR, NASHIK",MAHARASHTRA,20.0,33.0,6.4,7.5,7.2,7.9,166.0,666.0,2.0,6.0,0.0,0.2,2.0,6.8,70.0,210.0
2663,"DARNA AT BHAGUR PUMPING STATION NEAR PANDHURLI BRIDGE, BHAGUR, NASHIK",MAHARASHTRA,20.0,33.0,4.2,7.1,7.3,7.8,129.0,563.0,2.0,6.0,0.0,1.2,2.0,11.0,50.0,280.0
2664,"DARNA AT SANSARI , NASHIK",MAHARASHTRA,20.0,36.0,5.4,7.5,7.2,8.1,286.0,508.0,2.0,7.0,0.0,1.1,2.0,4.0,70.0,220.0
2697,"PENGANGA NEAR WATER SUPPLY SCHEME OF UMARKHED MC BELKHED, UMARKHED, YAVATMAL",MAHARASHTRA,19.0,41.0,6.0,7.8,7.0,8.8,249.0,946.0,3.0,8.6,0.1,11.0,,,,
2698,"PENGANGA D/S OF ISAPUR DAM, ISAPUR, PUSAD, YAVATMAL",MAHARASHTRA,19.0,41.0,6.0,7.7,7.0,8.7,246.0,1045.0,3.0,9.0,0.0,10.0,,,,
2699,"PENGANGA AT MEHKAR- BULDANA ROAD BRIDGE, MEHKAR, BULDANA",MAHARASHTRA,20.0,41.0,2.5,6.9,7.0,7.9,290.0,2438.0,3.0,13.0,0.0,9.5,10.8,240.0,46.0,540.0
2722,"WENA U/S OF MOHATA MILLS, NEAR RAILWAY BRIDGE, HINGANGHAT",MAHARASHTRA,19.0,42.0,5.7,7.8,6.9,8.0,239.0,1345.0,3.0,8.2,0.1,6.3,17.0,170.0,33.0,500.0
2723,"WENA D/S OF MOHATA MILLS, NR RD BRG ON HINGANGHAT- WADNER ROAD",MAHARASHTRA,20.0,44.0,4.3,7.0,6.7,8.2,280.0,1310.0,5.0,14.0,0.5,6.0,21.0,220.0,63.0,900.0
1194,KRISHNA AT MAHABALESHWAR DHOM DAM NEAR KOINA DAM,MAHARASHTRA,20.0,29.0,4.1,7.2,7.1,8.4,72.2,146.0,2.1,5.8,0.0,1.8,2.0,20.0,10.0,50.0
1153,KRISHNA AT RAJAPUR WEIR,MAHARASHTRA,21.0,26.0,4.8,7.4,7.1,8.0,134.0,588.0,2.0,3.2,0.3,2.9,,,,
36,"KRISHNA AT KRISHNA BRIDGE, KARAD",MAHARASHTRA,23.0,29.0,2.5,6.82,6.9,8.3,76.3,326.0,2.0,8.8,0.1,1.2,8.0,40.0,70.0,1600.0
1906,KRISHNA D/S  ISLAMPUR,MAHARASHTRA,20.0,30.0,5.2,7.3,7.1,8.0,127.0,775.0,2.0,3.0,0.2,2.2,,,,
37,KRISHNA AT SANGLI,MAHARASHTRA,20.0,28.0,5.8,7.1,6.8,7.6,198.0,780.0,2.0,2.6,0.2,2.1,,,,
1310,KRISHNA AT KURUNDWAD IN KOLHAPUR,MAHARASHTRA,21.0,26.0,4.2,7.0,6.8,8.0,147.0,719.0,2.0,3.4,0.1,2.7,,,,
2187,KRISHNA AT KSHETRA MAHULI,MAHARASHTRA,21.0,26.0,2.6,7.2,7.5,8.4,194.0,707.0,2.1,14.0,0.2,3.2,12.0,250.0,50.0,550.0
2188,KRISHNA  AT KRISHNA-VENNA SANGAM AT MAHULI,MAHARASHTRA,22.0,28.0,3.4,6.9,7.4,8.5,194.0,499.0,2.8,12.0,0.2,3.3,11.0,17.0,95.0,350.0
2190,KRISHNA  AT WAI,MAHARASHTRA,23.0,29.0,3.7,6.9,7.1,8.2,129.0,468.0,2.0,10.0,0.2,2.3,11.0,35.0,70.0,1800.0
1182,KRISHNA U/S OF UGARKHURD BARRAGE,KARNATAKA,23.0,30.0,6.5,8.4,7.2,8.1,66.0,1700.0,0.4,5.6,0.4,13.0,130.0,900.0,170.0,9000.0
1889,KRISHNA - ANKALI BRIDGE ALONG CHIKKODI KAGWAD ROAD,KARNATAKA,23.0,29.0,5.9,9.2,7.1,8.1,0.2,1620.0,0.7,5.6,0.5,5.6,50.0,1100.0,170.0,1600.0
1181,KRISHNA D/S OF NARAYANPURA DAM,KARNATAKA,24.0,41.0,4.8,9.9,7.5,8.4,380.0,950.0,0.5,3.3,0.4,3.0,16.0,900.0,31.0,1800.0
1028,KRISHNA AT TINTINI BRIDGE,KARNATAKA,26.0,29.0,7.0,7.2,7.9,8.7,342.0,925.0,2.0,3.0,0.0,0.3,140.0,600.0,500.0,3200.0
1170,KRISHNAD/S OF DEVASAGAR BDG.,KARNATAKA,27.0,32.0,6.8,8.4,7.0,8.6,418.0,1572.0,2.0,3.5,0.0,0.3,240.0,900.0,900.0,1600.0
2781,KRISHNA  D/S OF ALAMATTI DAM,KARNATAKA,24.0,41.0,5.1,9.9,7.5,8.4,440.0,1720.0,0.4,3.0,0.4,2.5,16.0,900.0,22.0,1800.0
1784,"THANGADI , MAHABOOBNAGAR DIST",TELANGANA,18.0,28.0,4.0,6.6,7.3,8.3,304.0,804.0,2.0,4.0,0.0,0.8,9.0,25.0,58.0,200.0
39,KRISHNA AT GADWAL BRIDGE,TELANGANA,24.0,27.0,4.0,6.8,7.5,8.2,306.0,1270.0,2.0,6.0,0.1,0.8,8.0,35.0,68.0,200.0
1175,"KRISHNA A/C WITH TUNGABHADRA, SANGAMESHWARAM",ANDHRA PRADESH,22.0,25.0,4.9,6.6,7.8,8.2,391.0,901.0,1.0,3.0,0.9,1.6,10.0,100.0,400.0,1600.0
1465,KRISHNA AT WADAPALLY A/C WITH MUSI (SHIFTED FROM 1220),TELANGANA,21.0,27.0,5.7,8.8,7.4,8.6,420.0,1821.0,1.8,4.0,1.2,30.0,2.0,175.0,30.0,940.0
1786,"VEDADRI , GUNTUR DIST",ANDHRA PRADESH,24.0,29.0,5.8,7.1,6.5,8.6,322.0,2260.0,0.5,0.8,0.2,3.7,,,400.0,1100.0
1787,"AMARAVATI , GUNTUR DIST",ANDHRA PRADESH,18.0,22.0,5.8,7.1,6.2,8.3,361.0,720.0,0.5,1.0,0.0,1.7,4.0,4.0,400.0,1600.0
25,KRISHNA AT VIJAYWADA,ANDHRA PRADESH,22.0,28.0,6.2,7.2,6.7,8.1,265.0,960.0,0.5,0.8,0.3,2.4,,,400.0,1400.0
1782,"HAMSALA DEEVI , GUNTUR DIST",ANDHRA PRADESH,22.0,28.0,4.2,5.9,7.1,7.9,9730.0,34700.0,0.5,1.8,0.2,3.2,,,800.0,1700.0
3083,"KRISHNA D/S OF SRISHAILAM, KURNOOL",ANDHRA PRADESH,24.0,29.0,5.1,6.5,7.7,8.2,393.0,936.0,1.0,3.2,1.1,1.7,10.0,100.0,400.0,1700.0
1311,PANCHAGANGA AT ICHALKARANJI,MAHARASHTRA,20.0,26.0,4.0,7.1,7.2,7.9,150.0,406.0,2.0,5.8,0.1,5.0,,,,
2163,PANCHAGANGA AT SHIROL NEAR SHIROL INTAKE WELL.,MAHARASHTRA,21.0,26.0,4.8,7.2,6.8,8.0,144.0,784.0,2.0,5.2,0.1,3.0,,,,
1904,PANCHAGANGA U/S OF KOLHAPUR TOWN,MAHARASHTRA,18.0,26.0,4.5,7.0,6.9,8.1,106.0,485.0,2.0,3.2,0.1,2.8,,,,
1905,PANCHAGANGA D/S OF KOLHAPUR TOWN,MAHARASHTRA,19.0,26.0,4.7,6.9,6.8,8.1,126.0,398.0,2.0,5.2,0.1,3.0,,,,
1189,BHIMA U/S VITHALWADI PUNE,MAHARASHTRA,23.0,29.0,2.7,6.3,6.9,8.1,246.0,626.0,2.9,30.0,0.2,2.7,25.0,1600.0,275.0,1800.0
2655,"BHIMA AT KOREGAON NEAR KOREGAON BRIDGE, SHIRUR, PUNE",MAHARASHTRA,21.0,37.0,2.9,7.1,7.2,8.5,175.0,733.0,3.1,9.2,0.2,4.5,2.0,20.0,6.0,400.0
2656,"BHIMA -BACKWATER OF UJANI DAM NEAR RAW WATER PUMP HOUSE, KUMBARGAON, INDAPUR, PUNE",MAHARASHTRA,23.0,30.0,2.9,6.2,7.2,8.4,182.0,1497.0,3.2,8.6,0.0,6.4,2.0,2.0,9.0,50.0
1190,"BHIMA D/S, OF BUNDGARDEN PUNE",MAHARASHTRA,25.0,30.0,0.8,6.0,6.8,8.1,173.0,743.0,3.6,44.0,0.0,3.2,14.0,1800.0,175.0,1800.0
1191,BHIMA AT PARGAON (A/CWITH MULE MARTHA),MAHARASHTRA,21.0,30.0,2.2,6.3,7.1,8.3,179.0,1890.0,2.8,18.0,0.0,7.9,35.0,80.0,225.0,500.0
1192,BHIMA A/C WITH DAUNT,MAHARASHTRA,22.0,30.0,1.3,6.4,7.1,8.8,143.0,1875.0,4.1,22.0,0.0,6.7,40.0,45.0,500.0,550.0
1188,"BHIMA AT NARSINGHPUR, (D/S OF A/C WITH NIRA)",MAHARASHTRA,22.0,30.0,5.1,6.1,7.7,8.7,563.0,1700.0,3.0,8.0,0.2,2.0,11.0,70.0,35.0,550.0
28,BHIMA AT TAKLI,MAHARASHTRA,22.0,38.0,3.9,6.2,7.5,8.5,559.0,1880.0,3.2,15.0,0.3,2.9,8.0,20.0,35.0,550.0
1183,BHIMA D/S OF ROAD BRIDGE AT GANGAPUR VILLAGE,KARNATAKA,28.0,29.0,5.9,6.9,8.3,8.6,381.0,715.0,2.8,3.3,0.0,0.0,34.0,300.0,130.0,350.0
1184,BHIMA D/S FEROZABAD VILLAGE,KARNATAKA,28.0,29.0,6.0,6.9,7.9,8.5,417.0,738.0,3.8,4.6,0.0,0.0,33.0,200.0,40.0,200.0
1888,BHIMA  AT CONFLUENCE OF JEWARGI TOWN SEWAGE DISPOSAL POINT,KARNATAKA,29.0,29.0,5.9,6.8,7.9,8.6,419.0,729.0,2.4,4.4,0.0,0.0,80.0,900.0,170.0,1600.0
1167,BHIMA D/S OF BDG. NEAR YADGIR,KARNATAKA,27.0,33.0,6.5,7.8,7.8,8.4,268.0,1817.0,2.0,3.0,0.0,0.3,240.0,1500.0,900.0,8000.0
1185,GHATPRABHA  D/S OF MUDHOL RD. CROSS BDG,KARNATAKA,23.0,36.0,5.2,7.9,7.5,8.3,280.0,1300.0,0.6,35.0,0.3,3.6,240.0,1400.0,300,1700.0
1163,GHATPRABHA AT W.A. POINT TO GOKAK TOWN,KARNATAKA,24.0,29.0,4.4,9.0,6.8,7.6,250.0,1420.0,0.2,260.0,0.5,2.0,170.0,900.0,220,1600.0
1187,MALPRABHA D/S OF KHANAPUR VILLAGE,KARNATAKA,22.0,31.0,6.4,8.9,7.1,8.1,130.0,600.0,0.3,17.0,0.2,1.1,30.0,1000.0,50,1800.0
1164,"MALPRABHA AT WATER ABSTR. PT. TO HUBLI, DHARWAR",KARNATAKA,26.0,36.0,6.7,10.7,7.4,8.5,200.0,580.0,0.2,2.9,0.0,2.0,80.0,1700.0,130,2200.0
1186,MALPRABHA D/S OF AIHOLE TOWN,KARNATAKA,23.0,33.0,5.9,8.9,7.4,8.1,400.0,1300.0,1.1,7.9,0.0,2.8,140.0,900.0,280,1600.0
2764,MALPRABHA AT BADAMI BRIDGE,KARNATAKA,24.0,30.0,6.3,8.9,7.3,7.9,370.0,1800.0,0.8,7.3,0.1,2.4,500.0,900.0,900,1600.0
38,TUNGHABHADRA AT HONNALI BRIDGE,KARNATAKA,24.0,31.0,6.0,7.6,7.3,7.8,110.0,400.0,2.0,4.0,0.1,0.3,140.0,900.0,350,2400.0
1029,TUNGHABHADRA AT HARALAHALLI BRIDGE,KARNATAKA,6.3,31.0,6.3,8.2,7.4,8.0,128.0,580.0,2.3,5.0,0.1,0.5,100.0,1300.0,300,2800.0
29,TUNGHABHADRA AT ULLANUR,KARNATAKA,24.0,35.0,6.7,8.2,7.4,8.4,396.0,1406.0,2.0,2.6,0.0,0.4,240.0,1600.0,900,1600.0
1785,"MANTHRALAYAM , KURNOOL DIST",ANDHRA PRADESH,23.0,28.0,5.6,6.4,7.8,8.3,562.0,1369.0,1.2,3.0,1.1,1.9,20.0,100.0,400,650.0
1174,"TUNGHABHADRA U/S KURNOOL, BAVAPURAM",ANDHRA PRADESH,23.0,28.0,5.4,6.2,7.8,8.2,569.0,1583.0,1.3,3.2,1.1,1.7,16.0,100.0,460,700.0
2766,TUNGABHADRA AT NEW BRIDGE,KARNATAKA,24.0,31.0,6.2,8.4,7.2,7.8,143.0,490.0,2.0,2.7,0.1,0.3,80.0,900.0,240,1600.0
2767,TUNGABHADRA  U/S OF HPF,KARNATAKA,24.0,31.0,6.1,8.3,7.2,7.9,132.0,430.0,2.0,3.0,0.1,0.3,80.0,1300.0,230,2200.0
2768,TUNGABHADRA  D/S OF HPF,KARNATAKA,25.0,33.0,4.6,7.5,6.8,8.0,248.0,1670.0,4.0,19.0,0.3,1.1,900.0,1700.0,2200,3500.0
2769,TUNGABHADRA AT JACKWELL POINT,KARNATAKA,25.0,33.0,4.8,7.0,7.1,7.9,182.0,760.0,2.8,9.0,0.2,0.8,540.0,2800.0,1600,9000.0
2770,TUNGABHADRA AT HARIHAR WATER SUPPLY INTAKE,KARNATAKA,25.0,32.0,5.5,8.9,7.1,8.2,150.0,850.0,3.0,8.0,0.3,0.7,800.0,10000.0,1700,32000.0
1168,TUNGHA  D/S OF SHIMOGA TOWN,KARNATAKA,24.0,33.0,6.1,7.4,7.1,8.2,130.0,430.0,3.0,4.3,0.1,0.4,1300.0,90000.0,2800,160000.0
1895,KAGINA D/S OF SEWAGE DISPOSAL POINT,KARNATAKA,25.0,29.0,5.9,7.0,7.8,8.4,336.0,600.0,1.7,4.6,0.0,0.0,8.0,900.0,27,1600.0
1896,CONFLUENCE POINT OF TUNGA AND BHADRA AT KUDLI,KARNATAKA,23.0,32.0,6.2,8.0,7.3,8.2,167.0,262.0,2.2,4.0,0.1,0.3,700.0,3000.0,1400,35000.0
1091,BHADRA D/S  MALLESWARAM OF KIOCL,KARNATAKA,17.0,29.0,5.2,6.11,7.0,8.2,140.0,720.0,1.0,2.0,0.0,0.6,220.0,630.0,1100,2200.0
1387,BHADRA  D/S OF BHADRAVATHI,KARNATAKA,24.0,33.0,4.9,7.6,7.0,7.8,148.0,315.0,2.7,7.8,0.1,0.3,800.0,6000.0,2200,18000.0
1169,"BHADRA  D/S OF KIOCL ROAD BRIDGE, NEAR HOLEHUNNUR",KARNATAKA,22.0,35.0,5.2,8.0,6.7,8.2,162.0,310.0,2.5,5.5,0.1,0.3,700.0,5500.0,1400,12500.0
2765,"BHADRA  U/S OF MPM,",KARNATAKA,24.0,30.0,6.0,7.9,7.0,8.2,118.0,280.0,2.0,3.0,0.0,0.3,110.0,300.0,280,900.0
2771,BHADRA  U/S OF KIOCL,KARNATAKA,16.0,28.0,5.3,6.2,7.0,8.1,120.0,570.0,1.0,2.0,0.0,0.3,140.0,460.0,920,1700.0
1172,MUSI U/S  HYDERABAD,TELANGANA,24.0,29.0,3.5,5.6,7.4,8.3,344.0,622.0,2.0,4.0,0.0,4.1,22.0,135.0,70,950.0
1173,MUSI D/S  HYDERABAD,TELANGANA,24.0,29.0,1.0,4.2,7.0,7.9,1056.0,1602.0,6.2,34.0,0.0,4.0,95.0,125.0,50,1380.0
2339,"MUSI AT NAGOLE, RANGAREDDY",TELANGANA,24.0,29.0,1.0,2.0,7.1,7.9,1068.0,1566.0,6.2,54.0,0.0,4.1,45.0,235.0,870,2100.0
3082,"MUSI RESERVOIR AT KASANIGUDA, NALGONDA",TELANGANA,21.0,27.0,3.5,8.0,7.2,9.3,185.0,2535.0,2.0,4.0,0.9,35.0,10.0,40.0,20,870.0
1178,"PALLERU B/C. WITH KRISHNA, JAGGAYYAPET",ANDHRA PRADESH,24.0,27.0,6.4,7.1,6.5,8.1,467.0,1440.0,0.6,2.1,0.3,2.5,,,400,1100.0
1177,"MUNERU B/C. WITH KRISHNA, NANDIGAMA",TELANGANA,23.0,26.0,6.2,6.8,6.5,7.8,345.0,731.0,0.5,0.8,0.3,2.4,,,400,800.0
2777,KAGINA AT SHAHABAD BRIDGE,KARNATAKA,26.0,29.0,5.9,7.0,7.9,8.4,332.0,610.0,1.9,4.5,0.0,0.0,27.0,1600.0,35,1600.0
2349,"NAKKAVAGU, BACHUGUDEM, MEDAK",TELANGANA,24.0,28.0,2.5,6.5,7.1,8.4,922.0,2305.0,2.0,24.0,1.0,59.0,5.0,50.0,42,1000.0
2350,"HUNDRI, JOHARPUR(V), NEAR TEMPLE, KURNOOL",ANDHRA PRADESH,22.0,29.0,1.7,2.3,7.7,8.1,2110.0,3060.0,0.5,1.0,2.1,5.3,,,16,20.0
2763,ASANGI NALLA AT ASANGI VILLAGE,KARNATAKA,25.0,37.0,6.0,8.1,7.3,8.3,280.0,2100.0,0.6,34.0,0.0,1.6,110.0,900.0,140,1600.0
2195,"NIRA D/S OF JUBILANT ORGANOSIS, PUNE",MAHARASHTRA,24.0,30.0,1.1,6.0,7.1,8.7,142.0,1645.0,3.0,35.0,0.0,2.7,40.0,50.0,350.0,425.0
2682,"NIRA U/S OF JUBILANT ORGANOSIS (DATTAGHAT), BARAMATI, PUNE",MAHARASHTRA,24.0,30.0,3.5,6.9,7.3,9.0,119.0,1012.0,2.1,25.0,0.3,1.8,30.0,95.0,350.0,1600.0
1463,NIRA AT SAROLE BDG.ON PUNE- BANGLORE HIGHWAY,MAHARASHTRA,22.0,30.0,1.9,7.0,7.2,9.0,87.5,916.0,2.0,13.0,0.2,1.4,20.0,35.0,225.0,350.0
2681,"NIRA AT SANGAVI, PHALTAN, SATARA",MAHARASHTRA,23.0,30.0,1.8,5.9,7.6,8.8,293.0,3630.0,3.2,20.0,0.2,2.9,20.0,35.0,70.0,425.0
2683,"NIRA AT SHINDEWADI. SHIRVAL, KHANDALA, SATARA",MAHARASHTRA,21.0,29.0,2.7,7.1,6.9,8.2,65.5,475.0,2.0,24.0,0.2,2.6,11.0,25.0,50.0,300.0
2186,"VENNA AT VARYE, SATARA.",MAHARASHTRA,22.0,28.0,3.9,7.0,7.5,8.4,131.0,970.0,2.1,6.5,0.2,3.9,7.0,35.0,40.0,175.0
2716,"VENNA AT MAHABALESHWAR, SATARA",MAHARASHTRA,18.0,24.0,4.6,7.1,6.8,8.0,27.5,603.0,2.0,4.8,0.2,0.8,5.0,25.0,25.0,900.0
2717,"VENNA AT MAHULI, SATARA",MAHARASHTRA,20.0,25.0,4.0,6.9,7.4,8.4,192.0,495.0,2.0,13.0,0.2,3.6,5.0,900.0,50.0,1600.0
2189,KOYNA AT KARAD.,MAHARASHTRA,23.0,29.0,2.4,7.0,7.0,8.1,74.1,186.0,2.0,8.6,0.0,1.6,12.0,45.0,130.0,1800.0
2194,MULA AT HARRISON BRIDGE NEAR MULA- PAWANA SANGAM,MAHARASHTRA,20.0,30.0,0.6,5.7,6.8,8.1,176.0,782.0,3.8,35.0,0.2,3.4,17.0,900.0,130.0,1800.0
2193,"MULA AT AUNDH BRIDGE, AUNDGAON",MAHARASHTRA,20.0,30.0,1.4,6.2,7.0,8.3,175.0,1030.0,3.6,33.0,0.2,2.7,12.0,50.0,170.0,1600.0
2192,MULA-MUTHA AT MUNDHAWA BRIDGE,MAHARASHTRA,23.0,30.0,0.3,6.3,6.9,8.1,179.0,699.0,2.8,22.0,0.1,3.1,14.0,425.0,110.0,1800.0
2677,"MULA-MUTHA D/S OF THEUR, HAWELI, PUNE",MAHARASHTRA,21.0,37.0,2.4,5.8,7.1,8.3,147.0,807.0,3.4,14.0,0.2,11.0,7.0,20.0,40.0,95.0
2191,MUTHA AT SANGAM BRIDGE NEAR GANAPATHY GHAT,MAHARASHTRA,25.0,30.0,2.0,5.9,7.0,8.0,179.0,592.0,3.6,46.0,0.1,3.8,17.0,350.0,130.0,1800.0
2678,"MUTHA NEAR VEER SAVARKAR BHAVAN, PUNE",MAHARASHTRA,25.0,30.0,0.5,6.0,7.0,8.0,220.0,590.0,3.8,43.0,0.1,8.0,20.0,1800.0,140.0,1800.0
2679,"MUTHA AT DECCAN BRIDGE, DECCAN, PUNE",MAHARASHTRA,25.0,37.0,2.6,5.4,7.0,8.0,218.0,563.0,6.2,42.0,0.2,3.4,110.0,350.0,1800.0,1800.0
2680,"MUTHA AT KHADAKVASLA DAM, KHADAKVASLA, HAWELI, PUNE",MAHARASHTRA,22.0,38.0,5.5,7.3,7.0,8.2,78.1,165.0,2.2,4.2,0.0,0.6,,,4.0,30.0
2196,"PAWANA AT SANGAVIGAON, PUNE",MAHARASHTRA,20.0,32.0,0.9,5.9,6.9,8.2,285.0,754.0,3.4,24.0,0.2,2.2,50.0,350.0,160.0,1600.0
2690,"PAWANA AT KASARWADI, HAWELI, PUNE",MAHARASHTRA,22.0,30.0,0.5,6.1,7.1,8.3,286.0,752.0,3.0,22.0,0.2,2.9,65.0,275.0,900.0,1800.0
2691,"PAWANA AT DAPODI BRIDGE AT PAWANA-MULLA SANGAM, DAPODI, HAWELI, PUNE",MAHARASHTRA,22.0,30.0,0.8,5.9,7.0,8.4,281.0,736.0,4.4,22.0,0.2,3.8,80.0,550.0,1600.0,1800.0
2692,"PAWANA AT RAVET WEIR, RAVET, HAWELI, PUNE",MAHARASHTRA,20.0,32.0,1.2,6.2,6.7,8.6,133.0,684.0,2.0,16.0,0.2,2.1,,,9.0,20.0
2693,"PAWANA AT CHINCHWADGAON, HAWELI, PUNE",MAHARASHTRA,21.0,32.0,1.1,5.9,6.8,8.3,144.0,699.0,3.6,20.0,0.4,2.6,24.0,110.0,900.0,900.0
2694,"PAWANA  AT PIMPRIGAON, HAWELI, PUNE",MAHARASHTRA,20.0,32.0,0.5,6.0,7.0,8.2,273.0,761.0,3.0,22.0,0.1,3.2,120.0,120.0,900.0,900.0
2197,"INDRAYANID/S OF ALANDIGAON, PUNE",MAHARASHTRA,21.0,37.0,0.9,6.0,7.0,8.4,128.0,619.0,2.8,41.0,0.1,3.3,35.0,40.0,550.0,900.0
2668,"INDRAYANI AT D/S OF MOSHIGAON, HAWELI, PUNE",MAHARASHTRA,21.0,28.0,1.3,6.2,7.2,8.4,196.0,590.0,3.2,19.0,0.0,3.6,30.0,35.0,550.0,550.0
2669,"INDRAYANI  U/S OF MOSHIGAON, HAWELI, PUNE",MAHARASHTRA,21.0,35.0,2.6,6.3,7.0,8.4,189.0,644.0,2.8,13.0,0.2,2.5,20.0,25.0,170.0,550.0
1911,CHANDRABHAGA U/S OF PANDHARPUR TOWN,MAHARASHTRA,22.0,38.0,4.2,6.9,7.7,8.5,560.0,3270.0,2.6,7.5,0.2,1.5,7.0,225.0,35.0,1600.0
1912,CHANDRABHAGA D/S OF PANDHARPUR TOWN,MAHARASHTRA,22.0,38.0,1.2,6.2,7.5,8.5,563.0,1704.0,3.4,9.5,0.2,1.7,11.0,275.0,70.0,1800.0
2665,"GHOD AT SHIRUR, PUNE",MAHARASHTRA,22.0,25.0,3.8,5.5,7.4,8.6,162.0,953.0,4.0,8.6,0.4,5.4,,,,
2705,"SINA NEAR LABOTI TOLL NAKA, LABOTI, MOHAL, SOLAPUR",MAHARASHTRA,22.0,22.0,5.7,6.1,7.6,8.1,335.0,992.0,3.2,4.0,0.2,2.8,11.0,40.0,35.0,900.0
2711,"URMODI  NAGTHANE, SATARA",MAHARASHTRA,23.0,27.0,2.5,6.4,7.1,8.3,162.0,499.0,2.5,9.5,0.2,1.7,5.0,45.0,30.0,175.0
2715,"VEL  AT SHIKRAPUR, SHIRUR, PUNE",MAHARASHTRA,20.0,28.0,0.8,5.2,7.3,8.4,174.0,1940.0,4.5,30.0,0.4,8.3,30.0,30.0,350.0,350.0
2776,TUNGABHADRA D/S OF GANGAWATHI,KARNATAKA,24.0,35.0,6.6,7.4,7.5,8.4,291.0,1045.0,2.0,2.8,0.0,0.3,240.0,1200.0,900.0,6400.0
1255,"PENNAR B/CWITH CHITRAVATHI, TADPATRI, UNGANOOR",ANDHRA PRADESH,22.0,27.0,3.9,4.8,7.9,8.1,804.0,1312.0,0.5,1.0,1.1,1.7,,,16,22.0
1256,"PENNAR A/C WITH PAPAGNI, PUSPAGINI",ANDHRA PRADESH,27.0,32.0,3.6,6.6,7.6,8.3,643.0,1620.0,0.8,1.5,1.0,1.8,20.0,100.0,16,600.0
1257,"PENNAR A/C WITH CHEYYURU, SOMASILE",ANDHRA PRADESH,26.0,28.0,5.9,7.1,6.4,8.4,542.0,1668.0,0.5,0.8,0.0,3.8,,,400,1100.0
30,"PENNAR  SIDDVATA, NELLORE",ANDHRA PRADESH,26.0,32.0,3.7,6.5,7.4,8.2,637.0,1380.0,0.8,1.4,0.9,1.8,22.0,100.0,16,500.0
2351,"KUNDU, NANDYAL, NEAR OVER BDG., KURNOOL",ANDHRA PRADESH,22.0,29.0,3.7,5.9,7.8,8.2,529.0,1291.0,1.5,3.5,0.7,1.9,20.0,100.0,500,800.0
1198,CAUVERY D/S  NAPOKULU BDG,KARNATAKA,20.0,32.0,5.7,8.0,6.9,8.5,58.0,190.0,0.9,1.8,0.0,0.4,78,430.0,91,580.0
1195,CAUVERY  U/SKUSHAL NAGAR (NEAR BAICHANAHALLI),KARNATAKA,21.0,32.0,6.3,8.4,6.8,8.5,72.0,396.0,1.0,2.4,0.1,0.4,110,700.0,940,1700.0
33,"CAUVERY AT KRS DAM, BALAMURIKSHETRA",KARNATAKA,23.0,28.0,5.2,7.8,8.0,8.5,126.0,312.0,1.3,2.6,0.1,0.4,120,630.0,630,1700.0
34,CAUVERY AT SATHYAGALAM BRIDGE,KARNATAKA,25.0,31.0,5.5,8.0,7.8,8.5,194.0,486.0,1.2,3.0,0.2,0.9,130,1300.0,840,3500.0
1171,"CAUVERYD/S SRI RANGAPATTANNA, OF ROAD BDG",KARNATAKA,24.0,28.0,4.2,7.0,7.6,8.5,166.0,366.0,2.4,3.6,0.1,0.4,700,2400.0,3100,6300.0
1386,CAUVERY D/S OF KAREKUARA VILLAGE,KARNATAKA,23.0,28.0,5.2,8.4,7.9,8.5,136.0,328.0,1.0,2.7,0.1,0.4,170,940.0,200,1700.0
2773,CAUVERY AT BANNUR BRIDGE,KARNATAKA,20.0,32.0,4.8,7.9,7.3,8.5,192.0,454.0,1.1,3.3,0.2,1.6,140,2500.0,680,3100.0
2774,CAUVERY AT RANGANATHITTU,KARNATAKA,22.0,27.0,5.5,8.4,7.8,8.5,140.0,410.0,1.1,3.0,0.1,0.4,92,2400.0,490,2800.0
50,CAUVERY AT METTUR,TAMIL NADU,29.0,32.0,5.7,8.4,7.5,8.8,475.0,1000.0,0.8,3.0,0.0,0.8,170,2100.0,390,3200.0
1322,CAUVERY AT RN PUDUR,TAMIL NADU,27.0,33.0,1.8,7.0,7.1,8.3,308.0,684.0,1.1,5.4,0.0,0.6,170,2100.0,400,4600.0
51,CAUVERY AT PALLIPALAYAM,TAMIL NADU,25.0,33.0,5.4,7.5,7.3,8.7,330.0,855.0,2.0,6.2,0.2,0.4,210,2200.0,430,4900.0
1320,"CAUVERY AT ERODE NEAR CHIRAPALAYAM, TAMILNADU",TAMIL NADU,26.0,34.0,0.6,7.2,7.1,8.6,290.0,1140.0,1.2,6.0,0.0,0.5,330,3500.0,480,9200.0
1323,"CAUVERY AT VELORE NEAR
KATTIPALAYAM",TAMIL NADU,25.0,32.0,5.7,7.7,7.1,9.0,350.0,930.0,1.0,2.6,0.0,0.5,210,1400.0,400,2200.0
3015,"CAUVERY AT PUGALUR, KARUR",TAMIL NADU,26.0,28.0,5.1,7.4,7.3,9.3,320.0,992.0,1.0,2.5,0.0,0.3,93,940.0,190,2200.0
1324,"CAUVERY AT MOHANUR NEAR
PATTAIPALAYAM",TAMIL NADU,25.0,32.0,4.5,6.9,7.0,8.8,415.0,999.0,0.6,4.2,0.0,0.6,170,1700.0,390,2800.0
1451,"CAUVERY AT THIRUMUKKUDAL
CONFLUENCE PT. FOR AMRAVATI",TAMIL NADU,27.0,30.0,5.5,7.7,7.8,9.4,330.0,998.0,1.0,2.4,0.0,0.5,78,940.0,170,2200.0
31,CAUVERY AT MUSIRI,TAMIL NADU,29.0,32.0,5.7,8.4,7.5,8.8,475.0,1000.0,0.8,3.0,0.0,0.8,170,2100.0,390,3200.0
3016,"CAUVERY AT PETTAIVAITHALAI,
TRICHY",TAMIL NADU,27.0,30.0,6.5,8.3,7.8,8.6,540.0,880.0,0.4,2.9,0.0,1.1,170,1400.0,390,3500.0
1202,CAUVERY U/S TIRUCHIRAPALLI,TAMIL NADU,27.0,29.0,6.0,8.2,7.8,8.7,345.0,700.0,0.5,3.5,0.0,1.0,110,3100.0,260,4600.0
1325,CAUVERY D/S TIRUCHIRAPALLI,TAMIL NADU,26.0,28.0,2.2,7.9,7.3,8.8,420.0,1500.0,0.7,9.6,0.0,1.5,260,49000.0,380,79000.0
1203,"CAUVERY AT GRAND ANICUT,
TRICHY",TAMIL NADU,25.0,27.0,3.6,8.0,7.4,8.8,540.0,1190.0,1.0,6.8,0.0,1.3,170,9400.0,340,14000.0
1206,CAUVERY AT THANJAVUR,TAMIL NADU,25.0,30.0,5.4,7.2,7.1,8.9,382.0,800.0,0.6,3.6,0.0,0.8,210,1300.0,14,1700.0
3018,"CAUVERY AT MAYILADUTHURAI, NAGAPATTINAM",TAMIL NADU,24.0,24.0,8.2,8.2,8.9,8.9,540.0,540.0,1.9,1.9,0.3,0.3,1100,1100.0,1700,1700.0
3012,"CAUVERY AT KOMARAPALAYAM,
NAMAKAL",TAMIL NADU,26.0,33.0,4.0,7.5,7.1,8.7,369.0,625.0,1.1,5.8,0.0,1.1,220,4600.0,400,7000.0
3013,"CAUVERY AT URACHIKOTTAI,
ERODE",TAMIL NADU,26.0,36.0,4.7,8.3,7.2,9.0,298.0,535.0,1.3,4.4,0.0,0.9,210,1100.0,430,1700.0
3014,"CAUVERY AT VAIRAPALAYAM, NAMAKAL",TAMIL NADU,26.0,33.0,4.1,8.4,7.1,8.6,299.0,620.0,0.9,3.1,0.0,0.5,170,2100.0,390,3900.0
3017,"CAUVERY AT KUMBAKONAM, THANJAVU",TAMIL NADU,25.0,32.0,5.4,7.4,7.5,8.7,420.0,715.0,1.1,2.8,0.0,0.8,170,1100.0,390,1700.0
1326,CAUVERY AT COLEROON,TAMIL NADU,28.0,30.0,4.0,7.6,7.2,9.2,29440.0,47600.0,1.0,17.0,0.0,0.3,78,790.0,340,1400.0
1327,CAUVERY AT PITCHAVARAM,TAMIL NADU,28.0,30.0,4.1,8.2,7.2,8.6,857.0,45400.0,1.4,16.0,0.0,0.2,68,700.0,210,1200.0
1892,NETRAVATHI U/S OF DHARMASTALA AT WATER SUPPLY INTAKE POINT,KARNATAKA,27.0,33.0,6.2,6.7,6.7,7.8,78.0,136.0,1.0,1.0,0.0,2.3,13,130.0,32,350.0
1893,YAGACHI NEAR PUMPING STATION. HASSAN CITY,KARNATAKA,26.0,31.0,4.1,8.2,7.3,8.7,310.0,900.0,1.0,4.0,0.0,0.3,210,2100.0,1100,5400.0
1199,HEMAVATI  D/S OF HOLENARASIPURA TOWN AT RAMADEVALA WEIR,KARNATAKA,25.0,32.0,5.1,10.8,7.3,8.2,110.0,370.0,1.0,2.0,0.0,0.2,210,940.0,1100,2800.0
1200,"SHIMSHA  D/S OF HIGHWAY BRIDGE, YEDIYAR",KARNATAKA,29.0,33.0,5.6,9.2,6.6,8.7,186.0,481.0,2.0,4.0,0.5,1.7,460,109000.0,1090,345000.0
1166,"SHIMSHA  D/S OF BRIDGE, HALAGUR",KARNATAKA,23.0,28.0,2.0,6.5,8.2,8.5,512.0,992.0,2.0,6.8,0.1,1.1,330,1700.0,2200,7000.0
1165,ARKAVATHI  D/S OF KANAKAPURA TOWN,KARNATAKA,25.0,36.0,1.2,4.0,7.0,8.2,1162.0,1540.0,6.0,14.0,0.7,20.0,17500,17200000.0,34500,34800000.0
2778,ARKAVATHI AT T.G. HALLI RESERVOIR,KARNATAKA,19.0,31.0,3.4,7.3,7.4,8.1,986.0,1414.0,4.0,9.0,1.0,14.0,9400,760000.0,17500,1770000.0
1196,LAKSHMANTIRTHA  D/S OF HUNSUR TOWN,KARNATAKA,20.0,32.0,1.5,5.7,7.3,8.4,112.0,1272.0,3.0,9.0,0.3,2.3,320,2600.0,1700,8400.0
2772,LAKSHMANTIRTHA  D/S OF KATTEMALAVADI,KARNATAKA,22.0,32.0,4.0,8.0,7.8,8.5,104.0,868.0,1.0,5.1,0.1,1.1,110,3500.0,630,4300.0
1207,KABBANI AT MUTHANKARA,KERALA,26.0,30.0,6.0,7.6,6.8,7.5,47.0,129.0,0.3,0.8,0.0,1.3,32,122.0,60,140.0
1197,KABBANI D/S SARAGUR VILLAGE,KARNATAKA,20.0,30.0,4.6,7.9,7.0,8.5,96.0,536.0,1.0,3.9,0.1,0.6,120,460.0,840,1700.0
41,KABBANI AT CAUSE WAY SATTUR,KARNATAKA,27.0,27.0,,,6.7,7.5,118.0,122.0,1.0,1.0,0.0,0.5,28,34.0,52,60.0
1445,KABBANI AT WATER INTAKE OF KIADB AT NANJANGUD,KARNATAKA,20.0,31.0,4.6,8.0,7.9,8.5,110.0,236.0,1.1,2.9,0.1,0.4,270,1500.0,380,2100.0
2775,"KABINI AT BATHING GHAT, NANJANAGUD",KARNATAKA,21.0,31.0,3.0,8.4,7.1,8.5,120.0,290.0,2.0,5.7,0.1,0.5,260,6300.0,1700,7900.0
1208,BHAVANI AT ELACHIVAZHY,KERALA,25.0,32.0,6.2,9.2,6.2,8.6,47.0,460.0,0.4,1.9,0.2,1.7,0,100.0,0,170.0
1201,"BHAVANI AT PATHIRAKALIAMMAN
KOIL",TAMIL NADU,25.0,27.0,5.0,7.6,6.4,7.8,69.0,490.0,0.8,2.4,0.0,1.6,130,790.0,210,1300.0
1204,BHAVANI AT SIRUMUGAI,TAMIL NADU,25.0,27.0,6.0,8.0,6.7,8.0,96.0,270.0,0.5,2.0,0.0,1.3,78,1100.0,170,1700.0
1321,BHAVANI AT BHAVANI SAGAR,TAMIL NADU,23.0,34.0,5.5,7.8,6.9,8.4,140.0,280.0,1.2,2.7,0.0,0.8,68,580.0,170,1200.0
1205,BHAVANI AT BHAVANI,TAMIL NADU,26.0,34.0,4.8,7.6,7.0,8.5,310.0,770.0,0.4,2.4,0.0,1.6,130,1200.0,260,2200.0
3019,"BHAVANI AT D/S OF BHAVANI SAGAR, SATHYAMANGALAM,
ERODE",TAMIL NADU,24.0,33.0,4.8,7.7,6.8,8.1,145.0,285.0,0.7,6.6,0.0,1.3,120,1100.0,240,1700.0
1319,AMRAVATI AT 1KM D/S FROM EFF.DIS. PT. AT MADHUTHUKKULAM,TAMIL NADU,24.0,27.0,6.1,8.0,6.9,8.1,140.0,630.0,1.0,2.2,0.0,0.7,170,700.0,400,1100.0
3020,"BHAVANI U/S OF KALINGARAYAN CANAL (B5), ERODE",TAMIL NADU,27.0,33.0,4.5,6.7,7.2,8.2,285.0,540.0,1.0,2.4,0.0,1.0,460,700.0,630,1100.0
3021,"BHAVANI D/S OF KALINGARAYAN CANAL (B10), ERODE",TAMIL NADU,27.0,33.0,5.9,7.6,7.6,8.5,290.0,530.0,0.6,1.7,0.0,1.1,490,790.0,840,1400.0
3024,"SARABANGA AT SALEM D/S OF TEXTILE DYING INDUSTRIES
EFFLUENT",TAMIL NADU,25.0,31.0,3.5,5.4,6.6,8.4,1900.0,3890.0,7.8,78.0,0.0,2.2,4900,5400000.0,9400,9400000.0
3022,"THIRUMANIMUTHAR AT SALEM, D/S OF SAGO & TEXTILE DYING
INDUSTRIES",TAMIL NADU,25.0,30.0,,,6.2,8.1,2130.0,2690.0,11.0,190.0,0.0,2.0,17000,54000000.0,26000,92000000.0
3023,"VASISTA AT SALEM, D/S OF SAGO
INDUSTRIES EFFLUENT",TAMIL NADU,27.0,34.0,2.1,2.1,6.4,8.1,1520.0,3500.0,22.0,675.0,0.0,2.7,210000,54000000.0,320000,92000000.0
2401,AJAY AT MASANJORE DAM,JHARKHAND,27.0,27.0,8.5,8.5,6.5,6.5,340.0,340.0,2.9,2.9,0.0,0.0,,,,
3132,BAGMATI AT MUZAFFARPUR- SITAMARHI ROAD BRIDGE,BIHAR,16.0,35.0,7.2,8.8,6.9,8.2,242.0,1030.0,2.0,2.9,0.0,0.0,500.0,2600.0,1400.0,5000.0
3135,"BAGMATI AT DARBANGA, SAMASTIPUR ROAD BRIDGE",BIHAR,20.0,34.0,7.4,9.1,7.4,8.8,242.0,391.0,1.8,2.9,0.0,0.0,900.0,2600.0,3000.0,9000.0
3162,BAGMATI AT MUZAFFARPUR- SITAMARHI ROAD BRIDGE,BIHAR,24.0,35.0,,,7.2,7.6,927.0,1400.0,,,0.0,0.0,7.0,7.0,14.0,14.0
2734,BHALLA U/S KASHIPUR,UTTARAKHAND,18.0,32.0,5.2,8.2,7.1,7.6,230.0,374.0,3.0,4.6,0.0,0.0,,,,
2735,BHALLA AT LOHIA BRIDGE D/S KASHIPUR,UTTARAKHAND,23.0,32.0,0.0,0.8,6.8,7.6,450.0,760.0,38.0,76.0,0.0,0.0,,,,
2116,BIHAR D/S NEAR FOREST OFFICE,MADHYA PRADESH,18.0,33.0,6.2,7.6,7.4,7.6,322.0,789.0,1.5,2.2,0.7,1.9,6.0,33.0,33.0,280.0
3308,"CHAMBAL AT JAWNPAWA, FROM ORIGIN POINT, INDORE",MADHYA PRADESH,22.0,29.0,6.5,7.2,7.7,8.5,300.0,622.0,1.2,2.0,0.5,1.7,,,30.0,220.0
3129,DAHA AT MEERGANJ,BIHAR,15.0,30.0,6.5,9.6,7.5,8.2,278.0,503.0,2.4,2.8,0.0,0.0,800.0,3000.0,2200.0,7000.0
2378,DAMODAR D/S BHAIRABI AT RAJRAPPA,JHARKHAND,22.0,34.0,7.0,8.6,7.4,7.5,,,1.3,3.9,0.0,0.0,,,,
2380,DAMODAR AT RAMGARH ROAD BRIDGE,JHARKHAND,22.0,34.0,7.4,8.0,7.2,7.5,,,1.5,3.9,0.0,0.0,,,,
2732,DHELA U/S AT KASHIPUR MORADABAD ROAD BRIDGE,UTTARAKHAND,20.0,32.0,3.2,8.8,7.3,7.6,248.0,520.0,3.2,8.4,0.0,0.0,,,,
2733,DHELA D/S AT THAKURDWARA ALIGANJ ROAD,UTTARAKHAND,19.0,32.0,0.0,8.2,7.3,8.3,430.0,990.0,12.0,80.0,0.0,0.0,,,,
3124,GANDAK U/S ROAD BRIDGE MUZAFFARPUR (NH),BIHAR,17.0,33.0,7.5,8.8,7.2,8.4,251.0,670.0,1.7,2.9,0.0,0.0,200.0,2400.0,3000.0,9000.0
3125,GANDAK GOPALGANJ PIPRAKOTHI ROAD BRIDGE (DUMARIA GHAT),BIHAR,17.0,30.0,7.0,9.8,7.3,8.6,233.0,326.0,1.8,2.9,0.0,0.0,50.0,2300.0,1100.0,4300.0
3126,"U/S HARBORA  BEFORE  SUGAR MILL
NEAR ROAD BRIDGE NARKATIGANJ",BIHAR,16.0,30.0,7.2,8.6,7.1,8.3,223.0,477.0,1.8,2.8,0.0,0.0,300.0,2300.0,800.0,5000.0
2524,"KALJANI D/S OF ALIPURDWAR, MUNICIPALITY DISCHARGE POINT",WEST BENGAL,20.0,32.0,6.0,8.3,7.2,8.1,100.0,172.0,1.4,4.2,0.1,0.4,1400.0,22000.0,11000.0,90000.0
1611,JOHILA NEAR NAROJABAD NEAR UMARIA ROAD BRIDGE,MADHYA PRADESH,18.0,31.0,7.2,8.8,7.1,8.2,216.0,542.0,0.8,2.4,0.2,0.9,,,26.0,60.0
3133,"KAMALA AT JAYNAGAR,",BIHAR,20.0,29.0,7.5,10.0,7.7,8.5,298.0,478.0,2.0,2.9,0.0,0.0,700.0,5000.0,3000.0,16000.0
2110,"KHAN AT SAKKAR KHADI, INDORE",MADHYA PRADESH,22.0,29.0,3.4,5.4,7.0,8.2,904.0,1516.0,8.0,80.0,2.5,29.0,24.0,940.0,500.0,1600.0
2111,KHAN AT SANWER,MADHYA PRADESH,21.0,29.0,3.2,6.2,7.3,8.2,662.0,1240.0,4.0,26.0,4.9,11.0,3.5,130.0,300.0,1600.0
2729,KICHHA AT KICHHA U.S. NAGAR,UTTARAKHAND,20.0,32.0,3.2,5.2,7.3,7.8,510.0,786.0,12.0,28.0,0.0,0.0,,,,
1613,"KOLAR DAM WATER SUPPLY INTAKE WELL, DISTT. SEHORE,",MADHYA PRADESH,,,7.3,8.1,7.4,8.6,214.0,837.0,0.8,2.1,0.0,0.9,,,34.0,130.0
2388,KONAR AT TILAYA DAM,JHARKHAND,20.0,33.0,7.0,8.7,7.2,7.5,,,1.1,3.4,0.0,0.0,,,,
2389,KONAR AT KONAR DAM,JHARKHAND,21.0,33.0,7.0,8.6,6.8,7.5,,,1.3,3.6,0.0,0.0,,,,
3137,KOSHI AT BEERPUR,BIHAR,14.0,35.0,6.6,8.9,7.2,7.8,227.0,506.0,2.2,2.9,0.0,0.0,800.0,2600.0,2200.0,5000.0
2731,KOSI AT KASHIPUR BAJPUR ROAD BRIDGE,UTTARAKHAND,21.0,32.0,6.2,6.8,7.2,7.6,280.0,372.0,2.4,6.4,0.0,0.0,,,,
3315,"KSHIPRA AT GAUGHAT, UJJAIN",MADHYA PRADESH,22.0,31.0,6.5,8.0,7.4,8.4,493.0,1442.0,1.6,11.0,0.7,3.3,6.0,500.0,27.0,1600.0
3316,"KSHIPRA AT U/S OF MAHIDPUR CITY, UJJAIN",MADHYA PRADESH,26.0,27.0,6.8,7.8,7.0,8.9,600.0,1336.0,2.0,8.0,0.5,3.7,14.0,600.0,40.0,1600.0
3317,"KSHIPRA AT W/S INTAKE POINT OF DEWAS, UJJAIN",MADHYA PRADESH,21.0,28.0,5.9,7.8,7.4,8.7,330.0,982.0,1.5,4.0,0.2,2.7,3.0,30.0,110.0,280.0
1372,MANDAKINI AT CHITRAKUT,MADHYA PRADESH,17.0,36.0,5.9,9.6,7.5,8.3,4.0,4.0,1.1,5.8,0.0,0.0,,,540.0,4000.0
3311,"JAMUNI U/S BARIYAGHAT NEAR INTAKE POINT, TIKAMGARH",MADHYA PRADESH,21.0,34.0,6.9,8.0,7.8,8.4,129.0,492.6,0.6,1.6,0.0,0.0,,,0.0,29.0
3326,"SIMRAR AT KATNI NEAR ACC W/S INTAKE POINT, JABLAPUR",MADHYA PRADESH,17.0,28.0,6.0,8.0,7.2,8.3,244.0,710.0,1.0,3.9,0.0,1.7,2.0,14.0,0.0,43.0
3131,U/S MANUSMAR RIVER AT BAKHARI RIGA,BIHAR,15.0,32.0,7.0,8.6,7.0,8.6,246.0,473.0,2.0,2.9,0.0,0.0,500.0,2300.0,1300.0,5000.0
2379,NALKARI TRIBUTARY AT PATRATU,JHARKHAND,22.0,34.0,3.0,4.2,6.5,7.8,,,2.2,3.8,0.0,0.0,,,,
2736,"NANDAUR U/S SITARGANJ INDUSTRIAL AREA, US NAGAR",UTTARAKHAND,26.0,32.0,3.4,7.8,7.1,7.5,190.0,380.0,2.2,4.8,0.0,0.0,,,,
2737,"NANDAUR D/S SITARGANJ INDUSTRIAL AREA, US NAGAR",UTTARAKHAND,27.0,30.0,5.8,6.8,7.1,7.4,186.0,340.0,3.0,4.0,0.0,0.0,,,,
3319,"NEWAJ  W/S INTAKE POINT, SHUJALPUR, UJJAIN",MADHYA PRADESH,21.0,28.0,6.0,7.4,7.4,8.8,248.0,930.0,2.0,4.0,0.8,2.8,2.0,30.0,60.0,300.0
2730,PILKHAR AFTER BILASPUR RAMPUR,UTTARAKHAND,26.0,32.0,4.8,5.8,7.2,8.5,370.0,780.0,4.0,7.2,0.0,0.0,,,,
3119,POONPUN NEAR POONPUN RAIL BRIDGE,BIHAR,12.0,30.0,6.5,9.6,7.0,8.6,224.0,632.0,2.1,3.3,0.0,0.0,800.0,3000.0,2200.0,9000.0
3120,POONPUN NEAR KINZER ROAD BRIDGE,BIHAR,14.0,32.0,6.5,10.0,7.1,8.5,226.0,575.0,2.0,3.0,0.0,0.0,700.0,2200.0,1700.0,7000.0
3130,RAMREKHA  U/S HARINAGAR,BIHAR,16.0,32.0,6.9,8.0,7.1,7.9,275.0,466.0,2.0,2.8,0.0,0.0,700.0,2600.0,1300.0,4700.0
3134,"SIKRAHNA AT LAUREA, HARINAGAR ROAD BRIDGE",BIHAR,17.0,36.0,7.0,8.6,7.2,7.8,247.0,633.0,2.0,3.0,0.0,0.0,800.0,2700.0,2800.0,5000.0
3136,SIRSA D/S RAXAUL (KOERIA TOLA),BIHAR,16.0,36.0,2.8,6.3,7.2,7.8,261.0,772.0,2.3,20.0,0.0,0.0,2100.0,9000.0,4700.0,24000.0
3328,"TONS AT MADHAVGARH, NEAR PHED W/S INTAKE POINT, SATNA",MADHYA PRADESH,17.0,37.0,5.8,8.6,6.3,8.2,0.8,1.0,1.1,2.4,0.0,0.0,,,26.0,180.0
3329,"TONS AT CHAKGHAT NEAR W/S PUMPING STATION, REWA",MADHYA PRADESH,20.0,30.0,6.7,7.8,7.2,7.7,343.0,769.0,1.5,1.9,0.1,1.5,6.0,14.0,21.0,90.0
1143,TONS AT CHAKGHAT,MADHYA PRADESH,19.0,31.0,6.0,7.8,7.5,7.8,61.0,1396.0,1.5,2.5,0.7,2.8,6.0,33.0,33.0,300.0
1144,TONS AT MADHAVGARH,MADHYA PRADESH,17.0,36.0,5.7,7.7,6.1,8.6,2.0,859.0,1.0,3.5,0.0,0.0,,,34.0,160.0
